,0,1,2,3,4,5,6,7,sentiment
0,1160150293818089472,florencia3g,El tema del reportaje era hablar de la gentrificación que produce Airbnb en la Cdmx. Lo propuse dos veces me dijeron que eran socios comerciales y que el tema no estaba aterrizado nunca me ayudó a bajar la propuesta,2019-08-10 11:25:59+00:00,5,0,,San Cristobal,0.6302858998761981
1,1160047591926591488,Lakatus,¿Has probado Airbnb? Regístrate a través de mi enlace y conseguirás hasta $963 MXN de descuento en tu primer viaje. https://abnb.me/e/c0UmCBOV1Y,2019-08-10 04:37:53+00:00,0,0,,San Cristobal,0.9346572856098396
2,1159936574781452288,elsuperidolo,@SantanderMx buenas tardes si hago un pago con mi TDC en airbnb mi alojamiento es en Canadá al hacer el pago se considera como una compra en el extranjero? La transacción se haría desde México.,2019-08-09 21:16:44+00:00,0,0,,San Cristobal,0.5186444663266033
3,1159936130180980736,elsuperidolo,Entonces si se considera como compra en el extranjero?,2019-08-09 21:14:58+00:00,0,0,,San Cristobal,0.4282522917099743
4,1159934098749583360,elsuperidolo,@airbnb_mx una duda al hacer el pago del Airbnb en México pero el alojamiento se encuentra en el extranjero el pago cuenta como local o extranjero?,2019-08-09 21:06:54+00:00,0,0,,San Cristobal,0.5605639037787578
5,1159919631039176705,APT_mx,En APT también se vive una experiencia Airbnb. Desde Pennsylvania tuvimos voluntariado esta mañana. #ExperienciaSolidaria #HéroesContraelHambrepic.twitter.com/PxbqsfYctM,2019-08-09 20:09:24+00:00,3,2,#ExperienciaSolidaria #HéroesContraelHambrepic,San Cristobal,0.9778644102817059
6,1159892443720032256,jbalderramar,Se acaba de abrir la vacante de Policy Associate en Airbnb México los invito a echarle un ojo y aplicar. Gran oportunidad de desarrollo en el mundo tech en la empresa mas chingona. Apliquen! https://careers.airbnb.com/positions/1816169/ …,2019-08-09 18:21:22+00:00,1,0,,San Cristobal,0.7578431971251
7,1159676066060853248,mquinza,Olvida las comisiones bancarias: Morena va ahora por Uber y Airbnb http://dlvr.it/R9wnJn pic.twitter.com/wzfK93czoF,2019-08-09 04:01:34+00:00,0,0,,San Cristobal,0.4648454510393577
8,1159572518753185792,isaaclcolorado,Alguien aquí ha tomado alguna “experiencia” como tour en Airbnb que me cuente qué tal le pareció.,2019-08-08 21:10:06+00:00,7,0,,San Cristobal,0.7977700460685525
9,1159559169113858048,JRobertoCabral,Trasciende que @ArturoHerrera_G y diputados de Morena presentarán iniciativa para cobrar IVA en servicios digitales. Es de aplaudir sin embargo la medida debería también cobrar ISR a Amazon Netflix Airbnb etc por sus utilidades generadas en México. Es lo justo.,2019-08-08 20:17:04+00:00,4,1,,San Cristobal,0.23245823221339224
10,1159527929799434241,hdsdelgadillo,¿Has probado Airbnb? Regístrate a través de mi enlace y conseguirás hasta $963 MXN de descuento en tu primer viaje. https://abnb.me/e/2JN9CDfyZY,2019-08-08 18:12:56+00:00,0,0,,San Cristobal,0.9388500809166189
11,1159521122611802118,Rutilya,Como sacas la factura de Airbnb? Nada más no puedo!! Jajajaja Gracias,2019-08-08 17:45:53+00:00,0,0,,San Cristobal,0.8603471090379602
12,1159510122571321344,Kimberlyhuizar,¿Por qué Amazon Airbnb y Netflix deben pagar más impuestos en México? http://dlvr.it/R9vSWW pic.twitter.com/UoRJPZmfoa,2019-08-08 17:02:10+00:00,0,0,,San Cristobal,0.41138777315761155
13,1159485430766755841,marianaarteaga,Mientras en la CDMX la discusión sobre los procesos de gentrificación y precarización provocados por el airbnb aquí en el gabacho hay un programa semanal en la tele (abc) con tips de cómo decorar tu depto sacarle fotos y etc. para anunciarlo y rentarlo en esa plataforma,2019-08-08 15:24:03+00:00,2,0,,San Cristobal,0.8851028339008664
14,1159472466290466816,RiskMathicsFI,¿Por qué #Amazon #Airbnb y #Netflix deben pagar más impuestos?http://ow.ly/HcJ930pjQzm,2019-08-08 14:32:32+00:00,0,0,#Amazon #Airbnb #Netflix,San Cristobal,0.3139706983436488
15,1159458970400149504,mcortess_2010,¿Por qué Amazon Airbnb y Netflix deben pagar más impuestos? https://www.altonivel.com.mx/empresas/por-que-amazon-airbnb-y-netflix-deben-pagar-mas-impuestos-en-mexico/#.XUwl6QFV6IA.twitter … vía @altonivel,2019-08-08 13:38:54+00:00,0,0,#,San Cristobal,0.5333344458232014
16,1159415204247007232,Forbes_Mexico,Los Diputados han salido a la caza de los 10000 millones de pesos en impuestos que plataformas como Uber y Airbnb se 'ahorran' cada año ¿Qué te parece? https://enforb.es/2OLFzcN,2019-08-08 10:45:00+00:00,10,8,,San Cristobal,0.2319191012992974
17,1159336315391041536,armandomrosas,¿Has probado Airbnb? Regístrate a través de mi enlace y conseguirás hasta $963 MXN de descuento en tu primer viaje. https://abnb.me/e/iLOczMPFYY,2019-08-08 05:31:31+00:00,0,0,,San Cristobal,0.8979058000547142
18,1159314467814985729,jilanzagorta,Pero bueno si le ha servido el discurso buenaondita a airbnb por qué no a los colivings.,2019-08-08 04:04:42+00:00,38,1,,San Cristobal,0.2855790023916878
19,1159313756486283264,ItmagazineMex,Un viaje incomparable te espera en México gracias a #GoproMx y Airbnb Adventures. Aquí la nota: http://itmagazinemx.blogspot.com/#pic.twitter.com/zSdrVTtMVZ,2019-08-08 04:01:53+00:00,2,1,#GoproMx #pic,San Cristobal,0.4788570281409181
20,1159313689532669953,ItmagazineMex,Un viaje incomparable te espera en México gracias a #GoproMx y Airbnb Adventures. Aquí la nota: http://itmagazinemx.blogspot.com/#pic.twitter.com/PZ7Y04EoRp,2019-08-08 04:01:37+00:00,2,1,#GoproMx #pic,San Cristobal,0.4408976729995962
21,1159267986215096322,Forbes_Mexico,Los Diputados han salido a la caza de los 10000 millones de pesos en impuestos que plataformas como Uber y Airbnb se 'ahorran' cada año ¿Qué te parece? https://enforb.es/2OLFzcN,2019-08-08 01:00:00+00:00,27,18,,San Cristobal,0.2319191012992974
22,1159257941469532160,DiverCityMx,En la #CDMX hay casi 18 mil alojamientos de #Airbnb concentrados en colonias donde vecinos e inquilinos son desplazados por el incremento en los costos del alquiler. ¿Qué otros problemas ha generado la turistificación de la ciudad? Descúbrelo en #RevistaChilango agosto. Vía #Chi,2019-08-08 00:20:05+00:00,3,0,#CDMX #Airbnb #RevistaChilango #Chi,San Cristobal,0.6284004127270271
23,1159222763393040384,ChilangoCom,En la #CDMX hay casi 18 mil alojamientos de #Airbnb concentrados en colonias donde vecinos e inquilinos son desplazados por el incremento en los costos del alquiler. ¿Qué otros problemas ha generado la turistificación de la ciudad? Descúbrelo en #RevistaChilango agosto.pic.twitter.com/q8fUHfMY44,2019-08-07 22:00:18+00:00,22,3,#CDMX #Airbnb #RevistaChilango,San Cristobal,0.33759609189401607
24,1159222561688956928,cohetemedina,Buscan cobrar 10000 mdp de IVA a empresas como Uber Airbnb Netflix y Spotify https://www.forbes.com.mx/buscan-cobrar-10000-mdp-de-iva-a-empresas-como-uber-airbnb-netflix-y-spotify/ …,2019-08-07 21:59:30+00:00,1,0,,San Cristobal,0.2793904387810444
25,1159211031647813637,CorazonMORENAMx,AMLO descarta cobrar IVA a plataformas como Amazon Uber o Airbnb http://dlvr.it/R9rq4s pic.twitter.com/jJWcKVhc9Y,2019-08-07 21:13:41+00:00,0,0,,San Cristobal,0.34438849245276737
26,1159184094636511233,Davite_r,La neta URGE cabrón que se regule el uso de suelo para plataformas como Airbnb; entre las inmobiliarias la gentrificación y esto nos estamos quedando sin lugares para vivir. “Me sacaron de casa; será Airbnb”: así se turistifica la CDMX http://www.chilango.com/noticias/reportajes/airbnb-en-la-cdmx/ … vía @ChilangoCom,2019-08-07 19:26:39+00:00,2,0,,San Cristobal,0.7388757472172673
27,1159181110372438016,Forbes_Mexico,Los Diputados han salido a la caza de los 10000 millones de pesos en impuestos que plataformas como Uber y Airbnb se 'ahorran' cada año ¿Qué te parece? Por: @Vyridiana https://enforb.es/2OLFzcN,2019-08-07 19:14:47+00:00,21,5,,San Cristobal,0.3372281431498983
28,1159176700309250048,OrtizYo,¿Has probado Airbnb? Regístrate a través de mi enlace y conseguirás hasta $963 MXN de descuento en tu primer viaje. https://es.airbnb.com/c/ortizr21?s=5&shared_item_type=9&virality_entry_point=13 …,2019-08-07 18:57:16+00:00,1,0,,San Cristobal,0.9667243775067824
29,1159162619099570177,889Noticias,La @ProdeconMexico y la Comisión de Presupuesto de la Cámara de Diputados firmaron un convenio el cual propone actualizar la Ley del IVA por los servicios que prestan Uber Netflix y AirBnB y retenerles el 10% del IVA para combatir facturación falsa #MaríaInésContigopic.twitter.com/wJsDjC5U9u,2019-08-07 18:01:19+00:00,1,1,#MaríaInésContigopic,San Cristobal,0.4876110381839504
30,1159097585539248128,JoseVictor_Rdz,Ya hice la tarea...! (uffff),2019-08-07 13:42:54+00:00,0,0,,San Cristobal,0.5818289031694743
31,1158859760252411904,psskow,Mexico City has an AirBnB problem. Aquí los datos duros en Chilango https://www.chilango.com/noticias/reportajes/airbnb-en-la-cdmx/ …,2019-08-06 21:57:52+00:00,12,5,,San Cristobal,0.2798112781790529
32,1158770198503202816,ChilangoCom,Aventuras en scape rooms fiestas de la vendimia un festival de yoga reportajes sobre robots sexuales el impacto de Airbnb en colonias como la Juárez un paseo por la antigua Tenochtitlán qué hacer en la ciudad este mes y mucho más en las páginas de #RevistaChilango agosto.pic.twitter.com/cTKoh7XXC5,2019-08-06 16:01:58+00:00,29,4,#RevistaChilango,San Cristobal,0.6848818418563265
33,1158770039430012930,HOTBOOKmagazine,¿Te imaginas hospedarte en una villa privada en la Polinesia Francesa en tus próximas vacaciones? Con Airbnb Luxe puedes hacerlo. Descubre todo sobre la nueva plataforma y sobre sus alojamientos más sorprendentes. #HOTbooking https://hotbook.com.mx/airbnb-luxe/ pic.twitter.com/JJO1pJw0ur,2019-08-06 16:01:20+00:00,0,0,#HOTbooking,San Cristobal,0.9320532093087796
34,1158739734627344385,ChilangoCom,Airbnb está encargándose de que el turismo reemplace los barrios originales de la ciudad. https://www.chilango.com/noticias/reportajes/airbnb-en-la-cdmx/ …,2019-08-06 14:00:55+00:00,20,10,,San Cristobal,0.5370792216085686
35,1158574804548689920,MeDicenPolola,#1: Maldita gentrificación :( #2: Uuuuurrrrge regulación de los AirBnB https://twitter.com/06000Observa/status/1158382259327492096 …,2019-08-06 03:05:33+00:00,10,4,#1 #2,San Cristobal,0.6647291038484499
36,1158574359864315907,patipenaloza,"AirBNB y gentrificación están obligando a desalojar a gente mayor q lleva toda la vida en Cuauhtémoc B.Juárez M. Hidalgo y Coyoacán. Está destruyendo el tejido social de los barrios de #CDMX. Es más grave de lo que parece este ""blanqueamiento"" https://www.chilango.com/noticias/reportajes/airbnb-en-la-cdmx/?fbclid=IwAR2s3gd99t_hwJ35tYM_XDLc6EQOn5PF3Ck_fW6XTmEn6z0BD_iUVfPl0wQ …",2019-08-06 03:03:47+00:00,25,20,#CDMX,San Cristobal,0.2825229718576803
37,1158572004200648704,angvalenz,Pues dime en Airbnb salen muy caros con tan poco tiempo de anticipación.,2019-08-06 02:54:25+00:00,0,0,,San Cristobal,0.5952694795425728
38,1158541788761808896,lapayolaradio,LIVE PODCAST: La pérdida de la propiedad on @Spreaker #airbnb #consumo #millenials #propiedad #tecnologiahttps://www.spreaker.com/user/payolaradio/la-perdida-de-la-propiedad?autoplay=1 …,2019-08-06 00:54:21+00:00,1,1,#airbnb #consumo #millenials #propiedad #tecnologiahttps,San Cristobal,0.31684933125425907
39,1158509561197654016,Culturosa_,Me sacaron de casa; será Airbnb: así se turistifica la CDMX https://www.chilango.com/noticias/reportajes/airbnb-en-la-cdmx/ …,2019-08-05 22:46:18+00:00,1,0,,San Cristobal,0.4072719388964778
40,1158484696919150595,Davo7412,¿Has probado Airbnb? Regístrate a través de mi enlace y conseguirás hasta $963 MXN de descuento en tu primer viaje. https://abnb.me/e/8cy8pGZLUY,2019-08-05 21:07:30+00:00,0,0,,San Cristobal,0.9365915905097849
41,1158483316506578944,javiercobuelo,Me sacaron de casa; será Airbnb: así se turistifica la CDMX https://www.chilango.com/noticias/reportajes/airbnb-en-la-cdmx/ …,2019-08-05 21:02:00+00:00,0,0,,San Cristobal,0.4072719388964778
42,1158448710306525184,RulishFlamenco,¡Échale un vistazo a los alojamientos que Raul tiene en Airbnb! https://es.airbnb.com/users/64804502/listings?user_id=64804502&s=5 …,2019-08-05 18:44:30+00:00,0,0,,San Cristobal,0.6716217725936483
43,1158382061339598848,Angel_JoachinR,Así es Swimmy el ‘Airbnb de las piscinas’ que acaba de llegar a España http://dlvr.it/R9j6qR pic.twitter.com/Wf6rmxINa7,2019-08-05 14:19:39+00:00,0,0,,San Cristobal,0.7603484513913621
44,1158236975033270274,Guzman_susej,Me sacaron de casa; será Airbnb: así se turistifica la CDMX http://dlvr.it/R9gkrX pic.twitter.com/eSVn9YK19P,2019-08-05 04:43:08+00:00,0,0,,San Cristobal,0.332503374732932
45,1158224391819235328,MatildeTames,Me sacaron de casa; será Airbnb: así se turistifica la CDMX http://dlvr.it/R9gg1k pic.twitter.com/tDhrlFRY6t,2019-08-05 03:53:08+00:00,0,0,,San Cristobal,0.25569543602578726
46,1158201775872184320,p_amART,Airbnb en la CDMX: así es la turistificación de la Ciudad https://www.chilango.com/noticias/reportajes/airbnb-en-la-cdmx/ …,2019-08-05 02:23:16+00:00,0,0,,San Cristobal,0.4492650895064897
47,1158196028329353216,ChilangoCom,"Aplicaciones como Airbnb están acabando con el ""barrio original"". Vecinos que han habitado por generaciones una colonia ahora están siendo desplazados por turistas. https://www.chilango.com/noticias/reportajes/airbnb-en-la-cdmx/ …",2019-08-05 02:00:26+00:00,63,28,,San Cristobal,0.1698401323516085
48,1158175593290227713,IquiCisneros,¿Has probado Airbnb? Regístrate a través de mi enlace y conseguirás hasta $963 MXN de descuento en tu primer viaje. https://abnb.me/e/vkdMaTemTY,2019-08-05 00:39:13+00:00,0,0,,San Cristobal,0.866644958532158
49,1158171330644074496,Villalo_bob,Listo urge por favor!,2019-08-05 00:22:17+00:00,0,0,,San Cristobal,0.27094151136848194
50,1158150640570212352,Villalo_bob,Pésimo servicio @airbnb_mx !!! Más de un mes con una aclaración y sigue sin resolverse!!! He proporcionado los documentos que solicitan y ni así Penelope me resuelve. Me están robando más de 3 mil pesos ! Ya tengo que ir con @AtencionProfeco?,2019-08-04 23:00:04+00:00,1,1,,San Cristobal,0.2390164582496494
51,1158143554369261570,KronopioSinFama,P.D. La casa en la cual se suicidó: (Jardín 88 San Ángel Inn) está en renta por @Airbnb (https://www.airbnb.mx/rooms/640803?source_impression_id=p3_1564957495_9%2BtondIvZwbVTbQA …) por si quieren pasar una noches ahí. Y en venta también https://casa.metroscubicos.com/MLM-628022848-casa-en-venta-alvaro-obregon-ciudad-de-mexico-_JM …. @lhan55 y @larepublicadela. Por si les sobra unos pesos en la bolsa. ¡Saludos!,2019-08-04 22:31:55+00:00,1,0,,San Cristobal,0.4270179577112322
52,1158134919874449408,anagromero,Splash of color... casadeloscactus . . . #colorful #travel #airbnb #casadeloscactus #condesa #instapic #instacolor #selfie @Casa de los Cactus https://www.instagram.com/p/B0wgpVIjwnR/?igshid=1j02guanjvdtm …,2019-08-04 21:57:36+00:00,0,0,#colorful #travel #airbnb #casadeloscactus #condesa #instapic #instacolor #selfie,San Cristobal,0.8518314469045691
53,1158035209415118848,dikua_jewelry,Hola @airbnb_mx ¿de verdad no tienen soporte en fin de semana?,2019-08-04 15:21:23+00:00,0,0,,San Cristobal,0.3037222180089319
54,1157885763079593993,FridaRuh,¿Dónde están los Airbnb’s en la CDMX? by @datavizerohttps://link.medium.com/06QqovW1RY,2019-08-04 05:27:33+00:00,3,0,,San Cristobal,0.41197829811455905
55,1157877554948145152,RbyAEsqueda,Yo en un Airbnb en una feria la tuve que esperar porque se subió a todos los juegos entonces de compensación fuimos a su Airbnb se empezaba a poner interesante la platica... *y desperté haha *,2019-08-04 04:54:56+00:00,2,0,,San Cristobal,0.918333302974659
56,1157807010085244928,davidsandovalm7,¿Has probado Airbnb? Regístrate a través de mi enlace y conseguirás hasta $50 de descuento en tu primer viaje. https://abnb.me/e/acuwlRzFRY,2019-08-04 00:14:36+00:00,0,0,,San Cristobal,0.9059023682156645
57,1157678209607045120,josopan,1 mes con caso abierto de @airbnb_mx para que salgan con q no aceptan @AmericanExpress como forma de pago . Aquí la importancia de invertir en #CapacitaciónDeEmpleados #CapitalHumanoCalificado para q no se excusen en q reciben “muchas llamadas” “Somos muchos” #EpicFail,2019-08-03 15:42:48+00:00,0,0,#CapacitaciónDeEmpleados #CapitalHumanoCalificado #EpicFail,San Cristobal,0.8142096330137715
58,1157660181905510400,Shiki_mx,Como lo mencioné. Seguramente hablo de ello en algún momento esto comparado con el uso de su teléfono y búsquedas de Google que seguramente hizo se empató y se llegó ese punto. Dudo que se haya violentado la seguridad de las conversaciones de aplicaciones de terceros.,2019-08-03 14:31:10+00:00,0,0,,San Cristobal,0.36087553015332763
59,1157481125972983808,Kinkaviajes,Gracias a nuestros amigos de Argentina y Hawai por disfrutar con nosotros el tour “Apasiónate con #Frida #Diego y #Xochimilco” #KinkaTravelMexico #Travellers #Airbnb #SanAngel #RomaCondesa #Coyoacan #TourPrivadopic.twitter.com/70fGFeFDla,2019-08-03 02:39:40+00:00,1,1,#Frida #Diego #Xochimilco #KinkaTravelMexico #Travellers #Airbnb #SanAngel #RomaCondesa #Coyoacan #TourPrivadopic,San Cristobal,0.9576233162822635
60,1157463494423470081,soylaucoronado,Diputados planean aplicar impuestos a las compras en Amazon Uber y Airbnb | El Economista #CulturaDigital #soyuncasohttps://www.eleconomista.com.mx/empresas/Diputados-planean-aplicar-impuestos-a-las-compras-en-Amazon-Uber-y-Airbnb-20190724-0114.html …,2019-08-03 01:29:36+00:00,0,0,#CulturaDigital #soyuncasohttps,San Cristobal,0.37646979519688295
61,1157418564216864768,lalochaps_,Lean bien sobre el airbnb que les interesa antes de pagarlo... @cindychaps_pic.twitter.com/GzUVhInVGn,2019-08-02 22:31:04+00:00,3,0,,San Cristobal,0.8176767335683865
62,1157401370045161477,TurismoCDMX,Reunión para fijar agenda de trabajo entre funcionarios de la Tesorería de la CdMx representantes de Airbnb y el Secretario de @turismocdmx @carlosmgturismo. Importantes coincidencias en favor de la competitividad turística de la Cdmx. Seguiremos trabajandopic.twitter.com/YBJkCXBIFv,2019-08-02 21:22:44+00:00,15,6,,San Cristobal,0.6600907187348386
63,1157374207774191616,DarinelBecerra,Rentas vacacionales llegan al mercado Airbnb https://smartbuilding.mx/rentas-vacacionales-llegan-al-mercado-airbnb/ …,2019-08-02 19:34:48+00:00,0,0,,San Cristobal,0.9502639502560134
64,1157330257856389120,ChilangoCom,Sexo con robots el aumento de rentas ocasionado por Airbnb y qué hay hoy en lo que era la orilla de la gran Tenochtitlan son los reportajes principales de #RevistaChilango agosto. ¡Corre por ella!pic.twitter.com/zLzpKMoE8V,2019-08-02 16:40:10+00:00,10,0,#RevistaChilango,San Cristobal,0.6841106741705352
65,1157310837801009160,rbk_st,Nos cortaron la luz en el @Airbnb hazme el puto favor,2019-08-02 15:23:00+00:00,2,0,,San Cristobal,0.1663181616088302
66,1157140454657236992,denisegardel,Paren todo nuestro anfitrión de airbnb esTÁ GUAPÍSIMOOOOOOOO,2019-08-02 04:05:57+00:00,6,0,,San Cristobal,0.9633650658890353
67,1157116708659912704,donfroy3D,@airbnb_mx Solicité un cambio de fecha para mí viaje hace 24 horas... Aún no recibo respuesta! Ayuda :(,2019-08-02 02:31:36+00:00,0,0,,San Cristobal,0.21905217680193312
68,1157054919008038912,albertOyoO,¿Has probado Airbnb? Regístrate a través de mi enlace y conseguirás hasta $7 863 MXN de descuento en tu primer viaje. https://abnb.me/e/2ox8k6ZdOY,2019-08-01 22:26:04+00:00,0,0,,San Cristobal,0.9698325313919797
69,1157046223326601216,angolerosoy,"A mi esa kayak airbnb me dan cosa. Como dice el meme ""parece falso""",2019-08-01 21:51:31+00:00,1,0,,San Cristobal,0.27793102284700033
70,1157027611425615872,PolaDiazB,Cosas que no se ven en IG: Casi no duermo camino chingos ceno fruta o ensalada trabajo en las noches me fui de un airbnb porque estaba terrible y casi quedo homeless me mareo en los botes y buses . Vengo planeando todo desde hace mucho. No soy ni rica. Se lo que quiero.,2019-08-01 20:37:33+00:00,1,0,,San Cristobal,0.030978081002709674
71,1156975721966972930,antoniojl78,Oye @airbnb_mx me pueden decir cuál es su referencia al tipo de cambio? Del dof? De algún banco?,2019-08-01 17:11:22+00:00,0,0,,San Cristobal,0.5279175035439145
72,1156736516829470721,azzuko,¿Has probado Airbnb? Regístrate a través de mi enlace y conseguirás hasta $34 de descuento en tu primer viaje. https://abnb.me/e/DHy2vBALMY,2019-08-01 01:20:51+00:00,1,0,,San Cristobal,0.8855039657216177
73,1156603340735729669,Vicmantorres33,La cofundadora de Sonic Youth en su nueva exposición su relación con la fama el rostro cambiante del feminismo y su extraña fascinación con Airbnb... https://www.irishtimes.com/culture/art-and-design/visual-art/kim-gordon-i-never-think-of-myself-as-famous-i-m-barely-famous-1.3969888?mode=amp …,2019-07-31 16:31:39+00:00,5,1,,San Cristobal,0.5915431049637596
74,1155994097590517760,dossantosfl,¡Mañana es el gran día! Estamos muy emocionados por volver a asesorarlos en #CDMX - Para citas y asesorías gratuitas visiten el link de nuestro perfil!⠀ .⠀ .⠀ .⠀ . .⠀ .⠀ #mexicocity #natiivomiami #airbnb… https://www.instagram.com/p/B0hTHBNAzE9/?igshid=13duzs3jzp5ps …,2019-07-30 00:10:44+00:00,0,0,#CDMX #mexicocity #natiivomiami #airbnb,San Cristobal,0.941322412049636
75,1155983116479029248,Armandojdf,Saliendo a la grabación del DVD de mi amigo @gabrielcmusica este es el outfit de hoy espero que les guste porque va a quedar grabado!!! Disfrutando un poco del Airbnb y del paseo de hoy en #Coyoacán un buen café y a… https://www.instagram.com/p/B0hOHdPFwEM/?igshid=ofa0olsh6moc …,2019-07-29 23:27:06+00:00,1,0,#Coyoacán,San Cristobal,0.581186830537713
76,1155915392952537089,erickorni0,Yo igual estuve en un Airbnb y es mejor sobre todo por los perros y su espacio,2019-07-29 18:58:00+00:00,0,0,,San Cristobal,0.830180282916359
77,1154718613338591232,Sergiosilm,Se siente raro el edificio lo estrenamos whitexicans en 2007. Ya se imaginarán: corrupción casi nos cuesta la vida a algunos en 2017 por su maldito roof garden Ahora es 70% Airbnb sin roof ni bodegas ni gym. Por favor vecinos blancos contrólense ya no le muevan #NL78,2019-07-26 11:42:25+00:00,2,1,#NL78,San Cristobal,0.24521444604408965
78,1153783003002228741,rafaglezr,La industria debe orientarse a servicios soluciones más que a bienes. Ahí está además de esto uber lime airbnb etc. Nosotros que crecimos con comprar un libro pronto nos iremos y en su lugar habrá lecturas en línesin el nostalgico olor a madera papel y sueños de una biblip,2019-07-23 21:44:38+00:00,1,0,,San Cristobal,0.45288799175206523
79,1153675059535536128,charlychef,Aprende de manera sencilla a elaborar tan enigmático platillo. Chiles en Nogada – Experiencia de @airbnb https://abnb.me/EO50TEeKyY,2019-07-23 14:35:43+00:00,0,0,,San Cristobal,0.7822177851660312
80,1152622118330404865,ponchomayto,Busca un Airbnb menor a $500 en Roma/Condesa. Si lo encuentras te regalo 3 noches,2019-07-20 16:51:42+00:00,0,0,,San Cristobal,0.8511167100245165
81,1152616708898770947,ponchomayto,¿Qué hotel o Airbnb en esa zona cuesta $500 la noche?,2019-07-20 16:30:12+00:00,0,0,,San Cristobal,0.8456116356983135
82,1152616100422717442,NellyDesu,También aquí es de densor y justo me pasa que me despierto de golpe como a las 4:30 y escucho como si alguien estuviera afuera de mi cuarto. Pero lo tuyo que miedo jamás he tenido sueños con incubos que me tocan o algo :(((( qué bueno que fue en un airbnb y no en tu casa.,2019-07-20 16:27:47+00:00,0,0,,San Cristobal,0.14818265215710683
83,1152595545745235969,AGLmexico,Me quedé con la duda y me puse a buscar en AirBnB hay más opciones con mejores servicios más nuevos y privados además hay un concepto similar pero de torres inteligentes nuevas en Del Valle Anzures y Sabta Fe además de ser más económicas que @covivemx covive se ve viejito,2019-07-20 15:06:06+00:00,1,0,,San Cristobal,0.9397948394053817
84,1152581929180360704,carlos_mul,Mi consejo es QUE NO LO PINCHES RENTEN porque si se vuelve un negocio muy rentable la oferta inmobiliaria va a cambiar a ese modelo y las rentas se van a dispararse aún más. Ya con el daño que causa Airbnb es suficiente.,2019-07-20 14:12:00+00:00,8,1,,San Cristobal,0.35296557319692634
85,1152003803912085505,nube_cerebro,Cuál es la app de porno Airbnb? La necesito en mi vida ya! https://twitter.com/rodrigoalcocer/status/1151663020667547649 …,2019-07-18 23:54:44+00:00,1,0,,San Cristobal,0.39839659358473795
86,1151424572517826560,GValle69,Me escribe el compa del Airbnb ' como le fué con el sismo' Pucha me acosté a las 8pm de lo molido y no sentí el #Temblormx A las 4am aquí estoy leyendo tt,2019-07-17 09:33:05+00:00,2,0,#Temblormx,San Cristobal,0.5379358051746316
87,1151327701673885707,iYareni_Lara,¿Has probado Airbnb? Regístrate a través de mi enlace y conseguirás hasta $963 MXN de descuento en tu primer viaje. https://abnb.me/e/RiDOssHZnY,2019-07-17 03:08:09+00:00,1,0,,San Cristobal,0.9389798113460364
88,1151228742888390656,richiedf,Del roomie te olvidas. El Airbnb es un tema.,2019-07-16 20:34:55+00:00,0,0,,San Cristobal,0.5184832099693322
89,1150412762008342528,paffstone666,Ahora si a limpiar el airbnb antes de que vengan a limpiarlo... ¡Esa gente habla Lisa!,2019-07-14 14:32:30+00:00,4,0,,San Cristobal,0.6937719517321431
90,1149910306061242373,chaosxhaikus,AIRBNB ES UNA MIERDA MAES,2019-07-13 05:15:55+00:00,0,0,,San Cristobal,0.7222803476264326
91,1149454937442701312,jgfragoso,@airbnb_mx Cuál fue el apoyo de su parte ?https://twitter.com/LaAgendaSetting/status/1149286538167144449 …,2019-07-11 23:06:27+00:00,0,0,,San Cristobal,0.6509253754683448
92,1149454726070767616,jgfragoso,@airbnb_mx Cual fue el apoyo de Airbnb al anfitrión ? https://www.animalpolitico.com/2019/07/holandesa-judo-muere-explosion-airbnb-playa-del-carmen/ …,2019-07-11 23:05:37+00:00,0,0,,San Cristobal,0.8518438354741605
93,1148759368525066240,paffstone666,El airbnb incluye hasta bloqueador solar para dos personas. Guou.,2019-07-10 01:02:31+00:00,4,0,,San Cristobal,0.6516480005648194
94,1148755988515676160,ElCastorOficial,Mañana miércoles no te pierdas #CheckIn entrevistamos a la Directora de Promoción Turística de @QroTravel la Lic. @halinagama y junto a mis colegas @vicblazquez y Juan Gerardo Rey expusimos nuestro punto de vista sobre la situación de la Hoteleria en #Mexico e @Airbnb @airbnb_mxpic.twitter.com/So0eG5Cj6J,2019-07-10 00:49:05+00:00,13,3,#CheckIn #Mexico,San Cristobal,0.7875773759456238
95,1148052152646062081,karenzlw,Este fin de semana me gustó mucho. Aprendí muchas cosas por fin tuve un date decente y los hosts del Airbnb se hicieron mis amigos.,2019-07-08 02:12:17+00:00,1,0,,San Cristobal,0.5312629437575035
96,1147587567853830146,chrischuy,Voy a gimnasios desde 2008 y acabo de hacer mi primer amigo en uno. Hasta lo voy a asesorar en lo de Airbnb,2019-07-06 19:26:11+00:00,1,0,,San Cristobal,0.9748064373056032
97,1146873833418158080,Lahs_LFC,Estoy cotizando Argentina. Si les late neta consideren Airbnb es una ganga tanto alojamientos como actividades.,2019-07-04 20:10:04+00:00,1,0,,San Cristobal,0.9818261610426058
98,1146638446410100736,Makiabelica,Me quería traer prestados los libros del #airbnb en el que me quedé. #books en Mexico City Mexico https://www.instagram.com/p/Bze0qBuHQtr/?igshid=2hpycs35gsdf …,2019-07-04 04:34:43+00:00,0,0,#airbnb #books,San Cristobal,0.914720515722675
99,1145023932560527361,IlsGabyHerrera,Hola @Profeco que trámites tengo que hacer para hacer #Denuncia de @airbnb_mx ??? Hice una reservación y me la cancelaron... #airbnb #Mexico #NoCumple,2019-06-29 17:39:13+00:00,0,0,#Denuncia #airbnb #Mexico #NoCumple,San Cristobal,0.25276353213459757
100,1144830931619995648,jaavieermtz,Ya llegué a CDMX ahora si culeras. * se va directo a dormir a su airbnb *,2019-06-29 04:52:18+00:00,0,0,,San Cristobal,0.8113035857705958
101,1144278349419823105,elie_rdz,En un ratito me voy de este airbnb en más bonito en el que he estado y viví unos días súper emotivos. Escuchar todos los días a Emi el hijo de la host fue bien padre. Gracias.,2019-06-27 16:16:32+00:00,0,0,,San Cristobal,0.9977780513380068
102,1143557696295231490,kmaleonik,Ya si vamos de viaje a un Airbnb si se arma la organización,2019-06-25 16:32:55+00:00,1,0,,San Cristobal,0.3701440079130839
103,1142574109668315136,ChantalConChe,@airbnb_mx cuanto tarda en llegar el correo de confirmación de reserva por que ya me hicieron el cobro.,2019-06-22 23:24:30+00:00,0,0,,San Cristobal,0.6922127437974199
104,1142200764762378240,JCVillalvazo,Timbraron en mi depa. Bajé a abrir y eran unos chavos que rentaron un Airbnb pero les dieron el número de mi depa No sé si los estafaron o me querían robar oigan...,2019-06-21 22:40:58+00:00,0,0,,San Cristobal,0.2623239153426518
105,1142174483433717760,ChicagoBernies,Salvador Diaz Mirón esquina con Avenida de los Maestros. #buenviernes #cdmx #streetfood #fresh #artisanfood #foodiesmx #airbnb #foodlover #chicagofood #spicy #santamarialaribera #miguelhidalgo #artisanbread @Miguel… https://www.instagram.com/p/By_GrgNBn9A/?igshid=11vgbts6ebm1v …,2019-06-21 20:56:32+00:00,0,0,#buenviernes #cdmx #streetfood #fresh #artisanfood #foodiesmx #airbnb #foodlover #chicagofood #spicy #santamarialaribera #miguelhidalgo #artisanbread,San Cristobal,0.36247182841660724
106,1140107469206638593,MAHELOMEX,CONOCE TEOTIHUACAN EN TU IDIOMA — Experiencias en @airbnb https://abnb.me/4Yj2Sy4svX?user_id=232408036&s=5 …,2019-06-16 04:02:57+00:00,0,0,,San Cristobal,0.9374104198593937
107,1140004884168753152,halfempttygurl,Me quiero quedar a vivir en este airbnb,2019-06-15 21:15:19+00:00,1,0,,San Cristobal,0.9272056905530626
108,1139661882137219074,antolinacondesa,Reserva tu #SaboreadaDeMezcalesConPeteMezcales en @alipuscondesa por airbnbexperiences #CataDeMezcal #SaboreadaDeMezcales #MezcalTasting @pitmezcales #Airbnb #AirbnbExperiences #PeteMezcales en Antolina Condesa https://www.instagram.com/p/BytQEiGD-hi/?igshid=qk6bxxr5ivp3 …,2019-06-14 22:32:21+00:00,1,1,#SaboreadaDeMezcalesConPeteMezcales #CataDeMezcal #SaboreadaDeMezcales #MezcalTasting #Airbnb #AirbnbExperiences #PeteMezcales,San Cristobal,0.15486742231450415
109,1139306321684160518,richiedf,Un airbnb https://twitter.com/joseacevez/status/1139275356874182668 …,2019-06-13 22:59:29+00:00,0,0,,San Cristobal,0.40772741419694714
110,1138954391468281857,letrasdesabores,Llegamos a #CasaTeo del chef @enriqueolvera quien se inspiró en el concepto de residencias artísticas para mantener lo que era el segundo piso de @pujolrestaurant El lugar bien iluminado y bien musicalizado por @Sonos propicia la convivencia creativa. También está en @airbnb_mxpic.twitter.com/jb8K93c9P8,2019-06-12 23:41:02+00:00,4,0,#CasaTeo,San Cristobal,0.651229377785635
111,1138308896290942976,SoyNanish,¿Has probado Airbnb? Regístrate a través de mi enlace y conseguirás hasta $963 MXN de descuento en tu primer viaje. https://abnb.me/e/OQy5HySmqX,2019-06-11 04:56:04+00:00,0,0,,San Cristobal,0.9579428565246463
112,1137210651883913216,hector_encinas,¿Has probado Airbnb? Regístrate a través de mi enlace y conseguirás hasta $963 MXN de descuento en tu primer viaje. https://abnb.me/e/clvt000klX,2019-06-08 04:12:02+00:00,0,0,,San Cristobal,0.9019547470494382
113,1136996045299376128,MariaisabelMota,Me caga el vecino inexistente. Me caga Airbnb que solo se dedica a enlistar espacios sin regular ni madre. Y me caga la gente grosera. pic.twitter.com/Pi3B1bue8G,2019-06-07 13:59:16+00:00,0,0,,San Cristobal,0.5042688350996818
114,1136996036138950657,MariaisabelMota,Lo barato sale caro. Pagar por espacios de hospedaje baratos no significa tener hotel. La industria turística da un servicio que acompaña el alojamiento. Y los vecinos del Airbnb no somos concierge ni tenemos por qué aguantar que vacacionen en nuestro espacio.,2019-06-07 13:59:14+00:00,0,0,,San Cristobal,0.40114124279823865
115,1136996033504993282,MariaisabelMota,Hoy una persona que no conozco me detuvo la puerta antes de cerrarla. Soy del Airbnb del 102 dijo como si eso me diera certeza de dejarlo entrar a mi edificio sin conocerlo. No cierres que estoy esperando que salgan ordenó.,2019-06-07 13:59:13+00:00,0,0,,San Cristobal,0.5333425429695703
116,1136996023992274946,MariaisabelMota,En mi edificio hay un departamento enlistado en @airbnb_mx No saben qué pesadilla.pic.twitter.com/XbIHo6My3S,2019-06-07 13:59:11+00:00,1,0,,San Cristobal,0.37012729382822307
117,1136707652220645376,josedavidr022,@airbnb_mx hola tengo un cupón de $30 que aplica en reservaciones mayores a $70 mi duda es se refiere a que la noche debe costar $70 o que el total de las noches que yo pase supere los $70?,2019-06-06 18:53:17+00:00,0,0,,San Cristobal,0.29482820687112204
118,1136692292138557440,juanirazabal,Pero el se va en avión de línea mi Cecy y se queda en Airbnb ya ves estos de 4a. Jajaja saludos,2019-06-06 17:52:15+00:00,1,0,,San Cristobal,0.04470568393999213
119,1135582068656803843,NellyOchoaA,Hay una reunió d Airbnb en mi edificio es acaso una señal divina que debo irme de vacaciones ??,2019-06-03 16:20:37+00:00,1,0,,San Cristobal,0.37355010263843336
120,1135265427490086912,Mariano_ARC,Sí! Creo que es una gran oportunidad para expander la idea del orgullo! A que no sólo sea la marcha!,2019-06-02 19:22:24+00:00,1,0,,San Cristobal,0.17692994323519365
121,1135207502558027776,Mariano_ARC,Oigan @TimeOutMexico dice que deben ver #TheShakespeareanTour dentro del mes del #Orgullo. @airbnb_mx debería de promocionar su experiencia teatral con @ZavelCastro para que quienes vengan a la #Cdmx a la marcha también puedan venir al teatro ¿no?pic.twitter.com/IpfQOFlsh5,2019-06-02 15:32:14+00:00,22,5,#TheShakespeareanTour #Orgullo #Cdmx,San Cristobal,0.5657206126636605
122,1134472802780794881,elie_rdz,Comparto el airbnb con unas colombianas y hacen terapias con ángeles y regresiones. Hace días estaba hablando con un amigo que quería hacer eso.,2019-05-31 14:52:48+00:00,2,0,,San Cristobal,0.050905030581759325
123,1133752947404206081,elie_rdz,No les conté pero el martes muy bueno a pesar del fail con el airbnb (ni dormí ahí). Desayuno y junta en Rococo comida pollito rostizado cene hamburguesa.,2019-05-29 15:12:21+00:00,1,0,,San Cristobal,0.38032701995083096
124,1133534549743288321,elie_rdz,Estoy muy enojado porque el airbnb al que me cambié no me gusta!,2019-05-29 00:44:31+00:00,1,0,,San Cristobal,0.30744751751781096
125,1132071569939992576,karenzlw,Abajo de mi Airbnb hay una panadería y cafetería y huele turbo delicioso. pic.twitter.com/4TSkyQNYAA,2019-05-24 23:51:09+00:00,0,0,,San Cristobal,0.7228971351556513
126,1131978525697662976,rafadl_,@airbnb_mx necesito un cupón por favor,2019-05-24 17:41:26+00:00,0,0,,San Cristobal,0.09900289690776398
127,1131390414571941891,CitizenEdgar,De super mal gusto que @airbnb_mx deje a sus anfitriones meter droga en una habitación que ya se había pagado. Y encima una devolución incompleta hacen pésimo servicio.pic.twitter.com/JxDcys9dFQ,2019-05-23 02:44:29+00:00,2,0,,San Cristobal,0.3154464247244099
128,1131080694296399872,xnekomoto,Me fui al airbnb a dejar las cosas o hubieran valido verga,2019-05-22 06:13:46+00:00,2,0,,San Cristobal,0.7069519676338757
129,1131056811006676992,Mitche_lle,Recomiendo ampliamente la experiencia de hospedaje con @airbnb Inmejorable de verdad,2019-05-22 04:38:52+00:00,0,0,,San Cristobal,0.6920814545909877
130,1130208954431213570,anagromero,Pues yo creo que en otra vida sí fui machito repisas cabecera cuadritos decorativos y base de cama hehas por miguelito para casadeloscactus . . . #selfie #casadeloscactus #lettering #airbnb #mexico #color… https://www.instagram.com/p/BxqFYukFCqy/?igshid=1hmxr0x2c035m …,2019-05-19 20:29:47+00:00,0,0,#selfie #casadeloscactus #lettering #airbnb #mexico #color,San Cristobal,0.12606616719973496
131,1129789531446763522,TopManagementMx,Noticias destacadas de @mblm_mx @Aeromexico @ETNTURISTAR @interjet @viajaVolaris @BestDay_Travel @VivaAerobus @fiestamericana @CaminoReal @HiltonHotels @CityExpressMX @Marriott @airbnb_mx @XcaretPark en Top Management Newsletter edición Mayo 2019. http://topmanagement.com.mx/web-newsletter/mayo-2019.html …pic.twitter.com/GIASYDXtim,2019-05-18 16:43:09+00:00,0,1,,San Cristobal,0.5718311181970325
132,1129486601137065984,LaManchaGris_,‘Fairbnb’ alternativa a @Airbnb. ¿Pueden lo servicios de renta a corto plazo actuar éticamente? https://www.citylab.com/life/2019/05/fairbnb-vacation-home-rentals-ethical-travel-airbnb-tourism/588973/ …,2019-05-17 20:39:25+00:00,6,1,,San Cristobal,0.5904019756919192
133,1128870453714587648,Forbes_Mexico,¿Sabías que @Airbnb ya tiene el doble de camas que todos los hoteles del mundo? En entrevista Greg Greeley presidente de alojamientos de este unicornio nos cuenta cómo lograron convertirse en el gigante que son hoy. Por @mauriciomorehttps://www.forbes.com.mx/entrevista-airbnb-y-la-migracion-de-la-industria-hotelera/ …,2019-05-16 03:51:04+00:00,36,17,,San Cristobal,0.6422254675135688
134,1128691712493121537,yoelfme,Justo ese acabo de empezar a leer,2019-05-15 16:00:48+00:00,0,0,,San Cristobal,0.7607318084013351
135,1128369390691471369,justhejeta,#airbnb es un éxito en todo sentido preciso accesibles resolución de problemas rapido y reembolso rápido,2019-05-14 18:40:01+00:00,0,0,#airbnb,San Cristobal,0.9717112537822975
136,1128355232742805504,justhejeta,Pensando seriamente en hacer airbnb en mi casa!! Tipo Couchsurfing pero pagado solo queda remodelar y acoplar un cuarto perfecta ubicación cerca a todo!! Creo que si me animo,2019-05-14 17:43:45+00:00,0,0,,San Cristobal,0.7432633193335665
137,1128156760932405248,justhejeta,Armar un itinerario implica horas de búsqueda en internet!! Información en google maps blogs YouTube ...airbnb etc...,2019-05-14 04:35:06+00:00,0,0,,San Cristobal,0.29165143381904063
138,1126933360813776896,justhejeta,El chico del airbnb o sea el que me renta un cuarto ayer preparo tallarines verdes con leche de almendras otro saborcitooo heee! Ya ni como en la calle :( mi estómago estaba muriendo de tanto condimento,2019-05-10 19:33:45+00:00,0,0,,San Cristobal,0.6193467809650157
139,1126902151379398658,justhejeta,Ajabas el chico del airbnb está teniendo chucuchucuuuuuuu ajajajja lo bueno es que yo ya estoy acostumbrada a roommates que hacen ruido provecho :( chochera,2019-05-10 17:29:44+00:00,0,0,,San Cristobal,0.9755046215564814
140,1126532549247946752,adairasheed,Me caga que no me depositen la renta en la fecha acordada ya mejor voy a meter mi depa en airbnb,2019-05-09 17:01:04+00:00,0,0,,San Cristobal,0.4413448396865433
141,1124781673755754496,EIIntenso,Regístrate en Airbnb y consigue $700 MXN de descuento en tu primera aventura. Aquí tienes mi enlace de invitación: https://abnb.me/e/OZG7DsFpqW,2019-05-04 21:03:43+00:00,1,0,,San Cristobal,0.8651602557186904
142,1124781632093708288,MuchEvil,Regístrate en Airbnb y consigue $700 MXN de descuento en tu primera aventura. Aquí tienes mi enlace de invitación: https://abnb.me/e/OZG7DsFpqW,2019-05-04 21:03:33+00:00,0,0,,San Cristobal,0.8651602557186904
143,1123617053225693186,ADMEXICO,¡Celebramos el cumpleaños de #WesAnderson! Acompáñanos a recorrer este increíble Airbnb con decoración inspirada en sus películas. https://m.admexico.mx/estilo-de-vida/lugares/articulos/hospedar-airbnb-decoracion-wes-anderson/5372 …pic.twitter.com/IhcVM3v482,2019-05-01 15:55:55+00:00,2,0,#WesAnderson,San Cristobal,0.7394169575341264
144,1123346279696879618,z_jadiazz6,Si y saber hasta donde llega la responsabilidad de #AirBAndB en estos casos que eran huéspedes a través de la aplicación por qué hay bastante gente en una posición parecida a la de mi amiga como casero temporal ???,2019-04-30 21:59:58+00:00,1,0,#AirBAndB,San Cristobal,0.6294233230708125
145,1123342025812860928,z_jadiazz6,Fue en casa de una amiga por Clzd Tenorios le rentaron 15 días por lo que entiendo y el día que se iban la golpearon y robaron los HDP,2019-04-30 21:43:04+00:00,1,0,,San Cristobal,0.485828361932998
146,1123302889273819137,z_jadiazz6,@airbnb_mx hasta donde llega tu responsabilidad si los huéspedes resultan ser unos malditos delincuentes mediomatan a su anfitriona y arrasan con auto pantallas PCs tablets celulares joyas y todo lo de valor??? @Xochimilco_MX @Coapa_ @CoapaXochimilco @inakimanero,2019-04-30 19:07:33+00:00,1,0,,San Cristobal,0.6249438559842225
147,1122169837856288768,davezamo,Los aviones y los cines deberían tener un sistema como el de airbnb donde uno puede calificar a las personas... Para poder mover los asientos incluso pagar por eso.,2019-04-27 16:05:12+00:00,0,0,,San Cristobal,0.4366327986060294
148,1121618484503379969,omarolvera15,Mis primeras fotografías decorando un Airbnb en el Plaza Residences del Paseo de la Reforma pic.twitter.com/s8WKhXT22I,2019-04-26 03:34:20+00:00,1,0,,San Cristobal,0.6235810911819651
149,1159177042073661440,ambarr_nicOle,La Fortaleza ya parece un Airbnb. JAJAJAJJAJAJAJAJA BYE,2019-08-07 18:58:37+00:00,1,0,,Isabela,0.2898460429534224
150,1147677483594108928,slimeg0d,Proximo Airbnb con la doña va ser un treehouse en el medio de la nada ya el flowsito de playita esta bueno.,2019-07-07 01:23:29+00:00,1,0,,Isabela,0.24942714002851643
151,1136399858934435842,todosmedicenray,Mera pero y estos Airbnb en La Romana,2019-06-05 22:30:14+00:00,0,0,,Isabela,0.9584091668140694
152,1125228001657073665,LuisPirataxs,Y convirtiendo a el VSJ en casas de hospedaje corto( los AirBnB; así se escribe?). Y criticaron a la Comandante cuando dijo que esto había que regularlo que afectaría la vida y el mercado inmobiliario en VSJ. https://twitter.com/davidpr2016/status/1125128522337529857 …,2019-05-06 02:37:15+00:00,0,0,,Isabela,0.16142638475719823
0,1159488671940272128,perrojirafo,Tomarse fotos en mi casa y poner tipo «en el AirBnB de Río de Janeiro» o «De paseo en Ibiza» de localización de las fotos para tener más me gusta o no se qué.,2019-08-08 15:36:56+00:00,0,0,,El Chaco,0.4397070955336489
1,1159446378160017411,KattyMejia11,@Airbnb necesito asesoramiento para mecanismo de cobro por hospedaje temporal,2019-08-08 12:48:52+00:00,0,0,,El Chaco,0.5715983508328835
2,1159437319222566913,davidbalarezo,¿Has probado Airbnb? Regístrate a través de mi enlace y conseguirás hasta $55 de descuento en tu primer viaje. https://abnb.me/e/IRsy8Tv8YY,2019-08-08 12:12:52+00:00,0,0,,El Chaco,0.9172688494790224
3,1158518788968443905,juanfra95,Airbnb en Cali. Veamos que tal resulta,2019-08-05 23:22:58+00:00,0,0,,El Chaco,0.6718659335301421
4,1158386166741254144,pdavilaj,¿Has probado Airbnb? Regístrate a través de mi enlace y conseguirás hasta $55 de descuento en tu primer viaje. https://abnb.me/e/NKdlZV1jUY,2019-08-05 14:35:58+00:00,0,0,,El Chaco,0.8695490422968185
5,1158359691421986816,somosfokus,Así es Swimmy el ‘Airbnb de las piscinas’ que acaba de llegar a España mira la noticia ->http://bit.ly/2ZwXODD pic.twitter.com/sxJSEM8GI9,2019-08-05 12:50:46+00:00,0,0,,El Chaco,0.9337548661077631
6,1157117416129933313,32_henrymau,¿Has probado Airbnb? Regístrate a través de mi enlace y conseguirás hasta $55 de descuento en tu primer viaje. https://abnb.me/e/szrm21KvOY,2019-08-02 02:34:24+00:00,0,0,,El Chaco,0.9488189332080726
7,1150907166762721282,RazorsEdgeEC,Los lunes los convertimos en oportunidad.... arregla tu look en manos expertas !!!!! Reserva al 3237101 WS 099-762-3728 #barba #lunes #FelizLunes #best_airbnb #barbershoppic.twitter.com/zadgeclDXA,2019-07-15 23:17:06+00:00,1,0,#barba #lunes #FelizLunes #best_airbnb #barbershoppic,El Chaco,0.07644696609689512
8,1144659295864262657,RazorsEdgeEC,Prepárate para lucir cómo quieres pero solo en manos expertas. Somos Razor’s Edge Barber Club!!!!! Reserva al 3237101 #razorsedgebarberclub #onlyformen #haircutmen #airbnb #aviation #cabello #barba #onlyforluxury #bigotes #berbershop #spa #barbudo #soloparaellos #spaformens,2019-06-28 17:30:17+00:00,0,0,#razorsedgebarberclub #onlyformen #haircutmen #airbnb #aviation #cabello #barba #onlyforluxury #bigotes #berbershop #spa #barbudo #soloparaellos #spaformens,El Chaco,0.9654591087092491
9,1144297537215574016,sjKiFord,AirBnb Debe pagar. Compite con REALES EMPRESARIOS. https://twitter.com/MOlvera1993/status/1144257652144390145 …,2019-06-27 17:32:47+00:00,0,0,,El Chaco,0.514219323890916
10,1143249658887778304,RazorsEdgeEC,Trabajar en tu estilo es nuestra responsabilidad. Reserva con nosotros al 3237101 #razorsedgebarberclub #onlyformen #haircutmen #airbnb #aviation #cabello #barba #onlyforluxury #bigotes #berbershop #spa #barbudo #soloparaellos #spaformens #niñosfashion #padres #quitopic.twitter.com/KSzhnJSbAj,2019-06-24 20:08:53+00:00,0,0,#razorsedgebarberclub #onlyformen #haircutmen #airbnb #aviation #cabello #barba #onlyforluxury #bigotes #berbershop #spa #barbudo #soloparaellos #spaformens #niñosfashion #padres #quitopic,El Chaco,0.9820059036699705
11,1142051645582434304,owlsamatista,Mi amiga viene por 1 año a Ecuador pensamos mejor que vaya a un airbnb para que estos días encuentre un depar y estos le salen que la señora es mayor que no molesta,2019-06-21 12:48:25+00:00,1,0,,El Chaco,0.6905546573151078
12,1135527169516539904,Ecuador_Tur,PAQUETE INDIVIDUAL a USA Avion + Airbnb + Auto requisitos: visa USA trajeta de credito licencia de conducir WhatsApp +593 999 000 222 (solo escribir) telefono 02-2454782 Amazonas y NNUU CC Unicornio local 243 EcuadorTur #USA #AIRBNB #RENTACARpic.twitter.com/zKXtObI5kC,2019-06-03 12:42:28+00:00,0,0,#USA #AIRBNB #RENTACARpic,El Chaco,0.3655729504194418
13,1121235215391834113,GermanAnda,Airbnb mas fácil y económico,2019-04-25 02:11:21+00:00,0,0,,El Chaco,0.98720305561605
14,1160273425014894597,_TG__,Imagínate un edificio que tiene como 10 apts en Airbnb,2019-08-10 19:35:16+00:00,0,0,,Puyo,0.18767554425619823
15,1160273041080946696,edusalaberry,@airbnb_es me acabais de joder las vacaciones! Teniamos apartamento alquilado hace una semana para ir a la feria de malaga! Y tu querido Super Host Laura PUTA ZORRA porque no tiene nombre a una semana lo cancela. ¿Que hacemos? ¿Dormimos en la calle?,2019-08-10 19:33:44+00:00,1,0,,Puyo,0.48128841848270015
16,1160272213091729409,lachilachi,A mi me gusta mucho este Airbnb. Está a dos pasos de punta Uva. Es para dos personas. https://abnb.me/J0YU9BuX2Y,2019-08-10 19:30:27+00:00,1,0,,Puyo,0.6292676138305574
17,1160270573743665152,puntacallao,Cabaña Quincho Lago #LagoRupanco #airbnb #cabin #travel #chile #patagonia #viajes #superhost en Fundo Punta Callao https://www.instagram.com/p/B0_r1OKnBEL/?igshid=1p73iwd03ajzk …,2019-08-10 19:23:56+00:00,0,0,#LagoRupanco #airbnb #cabin #travel #chile #patagonia #viajes #superhost,Puyo,0.11117887309324669
18,1160270305748815874,_Danone_,En el Airbnb hay gafas a lo Woody Allen por lo que blessed en ese sentido también pic.twitter.com/Au32DfC4l0,2019-08-10 19:22:52+00:00,0,0,,Puyo,0.7357115946599104
19,1160269703841026048,MarioEspinosaZ3,Excelente departamento en #VENTA en #Cancún a minutos de tiendas plazas comerciales SM 17 Inf Mario E Zurita zuritabienesraices@gmail.com9982216736 #Venta #Buceo #Loveart #Familia #Departamento #Lujo #seguridad #airbnb #rentasvacacionales #caribe http://zuritabienesraices.com pic.twitter.com/NWORReBWqS,2019-08-10 19:20:28+00:00,0,1,#VENTA #Cancún #Venta #Buceo #Loveart #Familia #Departamento #Lujo #seguridad #airbnb #rentasvacacionales #caribe,Puyo,0.9816431364907373
20,1160269518419238913,rayvilleta,Tu lo que tenias que mudarte en un edificio que prohibiera Airbnb (residencial) si la mayoria de propietarios son Airbnb na ma te digo que te vayas buscando un agente de Remax pa que te hubiquen en otro lao.,2019-08-10 19:19:44+00:00,0,0,,Puyo,0.6877626001653552
21,1160269466003005440,carlitos_canedo,Una noche en Manchester para dos personas me acaba de costar $100 pesos. Eso de los descuentos de AirBnB por invitación está chido.,2019-08-10 19:19:32+00:00,1,0,,Puyo,0.8311346437140751
22,1160269419899019264,hupeemilio5,Esta es la calle donde se encontraba mi pedazo de piso de airbnb vaya pedazo de pocilga en Madrid Spain https://www.instagram.com/p/B0_rTp7nInp/?igshid=1s2j6hjuozfcu …,2019-08-10 19:19:21+00:00,0,0,,Puyo,0.7705071512013608
23,1160268446061514757,sanluwal,#superoferta Reserva y recibe hasta 413 DOLARES gratis en alojamiento AirBnB en cualquier parte del mundo. clic en el siguiente enlace. https://ift.tt/2YBudc1 pic.twitter.com/IExYxN1UzQ,2019-08-10 19:15:28+00:00,0,0,#superoferta,Puyo,0.663840305722029
24,1160266793815961601,luisfklein,Tillable: el Airbnb de la agricultura Por @ElFinanciero_Mxhttps://elfinanciero.com.mx/tv/tech/tillable-el-airbnb-de-la-agricultura …,2019-08-10 19:08:55+00:00,0,0,,Puyo,0.21593343796967868
25,1160263160881930240,ferrenet,Los ejemplos son múltiples. Amazon Uber o Airbnb empezaron con tecnologías muy simples con modelos innovadores pero al crecer desarrollaron tecnologías muy potentes muy difíciles de replicar.,2019-08-10 18:54:28+00:00,0,0,,Puyo,0.9705457346012566
26,1160262658723123201,jc_karnak23,UGT denuncia a la empresa dueña de AirBnb o Booking por las precarias condiciones laborales de sus trabajadores - Contrainformación https://contrainformacion.es/ugt-denuncia-a-la-empresa-duena-de-airbnb-o-booking-por-las-precarias-condiciones-laborales-de-sus-trabajadores/ … vía @_Contrainfo,2019-08-10 18:52:29+00:00,1,2,,Puyo,0.8992860221718234
27,1160260957601521666,Superdescuento3,¡GRATIS 25 euros! Reserva en http://AIRBNB.COM con este enlace http://www.airbnb.es/c/rault65 Aprovecha ahora! #viajes #vacaciones #booking #airbnb #viajar #reservaspic.twitter.com/XV68l8vQ0B,2019-08-10 18:45:43+00:00,0,0,#viajes #vacaciones #booking #airbnb #viajar #reservaspic,Puyo,0.21253663011463303
28,1160257652729024513,pabletxu3,En este viaje nos están cancelando TODO (2 blablacars y 1 airbnb),2019-08-10 18:32:35+00:00,1,0,,Puyo,0.9073481218829604
29,1160257623830212608,myvistalegre,Ellos Ya Tomaron El Taller Presencial conmigo! Que Estas Esperando??? Airbnb una oportunidad de ganar dinero para Padre e Hijo! https://www.facebook.com/story.php?story_fbid=10156454845835963&id=504510962 …,2019-08-10 18:32:28+00:00,0,0,,Puyo,0.2512987704671484
30,1160257008345505794,audreyhepburned,me acaban de enseñar un airbnb en Yauco tan bello.,2019-08-10 18:30:01+00:00,1,0,,Puyo,0.1683448015761964
31,1160255296482103298,Besuwu,Si no tenéis cuenta en airbnb y os queréis registrar desde mi enlace me dais €€ podéis hacer lo mismo vosotros si os hacéis la cuenta. https://www.airbnb.es/c/vanesac3785?currency=EUR …,2019-08-10 18:23:13+00:00,0,0,,Puyo,0.12688000738678942
32,1160253705087856641,merycurtis,Adivinad quien se ha hecho amiga del dependiente de la tienda de vinilos de al lado de mi Airbnb pic.twitter.com/PFtKF275q4,2019-08-10 18:16:54+00:00,1,0,,Puyo,0.10770875412438782
33,1160253336890814466,sanluwal,#superoferta Reserva y recibe hasta 413 DOLARES gratis en alojamiento AirBnB en cualquier parte del mundo. clic en el siguiente enlace. https://ift.tt/2YBudc1 pic.twitter.com/5duPGpCkNN,2019-08-10 18:15:26+00:00,0,0,#superoferta,Puyo,0.7795660785482021
34,1160219287623217152,Rincon_Deporte,Paso la época de encontrar gangas por Tokio. Incluso en Airbnb y similares es inaccesible x2.5 como mínimo respecto a Río teniendo en cuenta que en Río estabas en todo el meollo y en Tokio no se puede.,2019-08-10 16:00:08+00:00,1,0,,Arajuno,0.25532473374421183
35,1138108635450683392,Wants_Revenge,Qué feos son los Airbnb en Guayaquil.,2019-06-10 15:40:18+00:00,0,0,,Arajuno,0.8220427200803861
36,1131901313506336769,Aviajarcon,Murray Cox el activista que demuestra el daño que hace Airbnb en el mundo https://www.latimes.com/business/la-fi-airbnb-murray-cox-20190524-story.html …,2019-05-24 12:34:37+00:00,0,0,,Arajuno,0.6901490208843823
37,1157255668233121792,ajgomezesteban,Airbnb se dirige a los viajeros tecnológicos pero no sólo a los millennials https://www.smarttravel.news/2019/07/29/airbnb-se-dirige-los-viajeros-tecnologicos-no-solo-los-millennials/ … Vía @SmartTravelNews,2019-08-02 11:43:46+00:00,0,0,,Zamora,0.001885136470585385
0,1159588868657745925,PabloCordovaV,Tras dominar el mercado de alquileres vacacionales y lanzarse a la caza de viajeros en busca de experiencias Airbnb vuelve la vista a los viajeros de negocios. Así se lanza al alquiler de larga estancia a través de la adquisición de Urbandoor. pic.twitter.com/4q0e9sKBse,2019-08-08 22:15:05+00:00,0,0,,Eloy Alfaro,0.7225672491857977
1,1159583311280377856,PabloCordovaV,@Airbnb se lanza a los alquileres de larga estancia. Con la compra de @UrbandoorG Airbnb avanza en un nuevo mercado por explotar: el alquiler de propiedades para estancias prolongadas. #Fusiones #Adquisiciones #Innovacion #MkTpic.twitter.com/iYntXrdmdy,2019-08-08 21:53:00+00:00,0,0,#Fusiones #Adquisiciones #Innovacion #MkTpic,Eloy Alfaro,0.7519841807868258
2,1157850089559339008,kikcorne,Realmente ni Netflix Airbnb Uber etc no tuvieron la culpa que Blockbuster Hoteles ni Cooperativas de Taxis pierdan gran parte o total del mercado en el mundo... El NO centrarse en el cliente lo hizo pic.twitter.com/TqfLnvh7mc,2019-08-04 03:05:47+00:00,3,1,,Eloy Alfaro,0.2810573624380314
3,1123193370262867968,faustov3la,Hice mi primera reserva en Airbnb se jodio Booking.,2019-04-30 11:52:22+00:00,0,0,,Eloy Alfaro,0.5413044636149793
4,1126251158031536128,Wants_Revenge,Quién por aquí utiliza Airbnb SEGUIDO para enviarle un cupón de 4000?,2019-05-08 22:22:55+00:00,0,0,,Muisne,0.8540465902522995
5,1158435119276781568,carlos94587,Airbnb lovers x acá tengo un proyecto en baby steps y busco colaboradores/partners - DM si les interesa,2019-08-05 17:50:29+00:00,1,0,,San Lorenzo,0.7589235801374263
6,1157471019755380738,miguelrios,Que lo pongan en AirBnB. $$$al erario.,2019-08-03 01:59:30+00:00,6,1,,San Lorenzo,0.911770007109295
7,1157105989763469315,NohemyTogo,Estoy en un Airbnb y los dueños tienen un gato y soy alérgica pero mírame aquí con él. pic.twitter.com/6KjnSaHgIx,2019-08-02 01:49:00+00:00,1,0,,San Lorenzo,0.8909541635873026
8,1150438958049841152,javierjviveros,Estas equivocado a nivel mundial ya se demostro que no es transporte de pasajeros es intermediación de servicio mismo es el caso de Airbnb y otros en todo caso se debe poner reglas a aquellos que deseen prestar el servicio..,2019-07-14 16:16:36+00:00,2,0,,San Lorenzo,0.10165847333155428
9,1142555806233067520,ohnikita,Airbnb en San Francisco con 7 argentinos recién llegados planeando la lista de comida del supermercado. Me quiero matar. Es duro llegar a silicon valley pic.twitter.com/rYbvpNeEl2,2019-06-22 22:11:46+00:00,0,0,,San Lorenzo,0.09663006268447907
10,1142541679741693955,sbassi,o hacer como en EEUU propuestas a nivel local y estatal. En cada votación hay varias propuestas: Si permitir o prohibir en tu ciudad Airbnb vapes si incluir un warning en tal producto mira ahora en MI: https://www.michfb.com/MI/ballot-proposals/ …,2019-06-22 21:15:38+00:00,2,0,,San Lorenzo,0.3561454189410935
11,1134119289735172096,olaviakite,Creía que la oficina de Twitter era súper wow pero eso era porque no conocía la de airbnb.,2019-05-30 15:28:04+00:00,3,0,,San Lorenzo,0.7492756510515143
12,1131653227689197568,imivantorres,Con 10000 pesos puedes volar a San Diego (Tijuana) o Las Vegas vuelo redondo más un boleto del concierto más una noche de #AirBnb ....y chance todavía te sobra para una cerveza.,2019-05-23 20:08:49+00:00,2,0,#AirBnb,San Lorenzo,0.9688387580864058
13,1141137585764540416,rivera_gpe,¿Has probado Airbnb? Regístrate a través de mi enlace y conseguirás hasta $7863 MXN de descuento en tu primer viaje. https://abnb.me/e/V61n9P6jDX,2019-06-19 00:16:16+00:00,1,0,,Arenillas,0.8361523304789451
14,1136896311347703808,JuanDaNati,Razaa en enero estuve en un Airbnb por la casa de #CarlosName la neta está con madres el fraccpic.twitter.com/0Zmn0vCP61,2019-06-07 07:22:57+00:00,2,0,#CarlosName,Arenillas,0.4646265438575296
15,1159609113317433345,Alexrivaden1895,Alguien sabe si los Argentinos tienen algo contra los Ecuatorianos para no poner que soy en mi reserva en Airbnb? Les estoy pagando y me rechazan sin ninguna razón; ya van 3 que voy confirmando con pago y todo.,2019-08-08 23:35:31+00:00,0,0,,Alfredo Baquerizo Moreno,0.42438867356912
16,1157321070514462721,bydiox,Pero vamos no hay un problema de oferta sino que hay una parte de la oferta retenida (Airbnb/alquiler vacacional) y el resto está intentando surfear la ola hasta que todo se vaya al carajo,2019-08-02 16:03:39+00:00,0,0,,Balao,0.7794929304768388
17,1153786030450827268,patoedg,Todos los paises están generando leyes para Regulación a Airbnb lista hasta finales de este año: hoteleros y #Ecuador no es la excepción @fenacapturec @pedropalaciosu @yakuperezg @TurismoEc @Captur_Azuay @CapturLojaofic1https://elfinanciero.com.mx/empresas/regulacion-a-airbnb-lista-hasta-finales-de-este-ano-hoteleros …,2019-07-23 21:56:40+00:00,7,4,#Ecuador,Balao,0.46367121378969317
18,1151556606326378497,MinturZonal6,“El sector privado tiene que ser proactivo tiene que renovarse para que no nos preocupe el ingreso de un #AirBnb regulado por ejemplo. Como dueños de los negocios debemos profesionalizarnos en la actividad turística y formar parte de las soluciones” #JuanPabloVintimillapic.twitter.com/OspecspXXM,2019-07-17 18:17:44+00:00,2,2,#AirBnb #JuanPabloVintimillapic,Balao,0.8686508545091511
19,1144406766496735232,patoedg,@fenacapturec @TurismoEc @TurismoCuencaEC @pedropalaciosu @n_larenas @tomebamba @splendid1040 @splendid1040 Gobierno de #Ecuador analiza gravar servicios digitales como @NetflixLAT @SpotifyLatino o @Uber también deberian regular @Airbnb | El Comercio https://www.elcomercio.com/actualidad/gobierno-analiza-gravar-servicios-digitales.html …,2019-06-28 00:46:49+00:00,1,1,#Ecuador,Balao,0.36303022028997234
20,1151658687968231424,AmbientalistasN,Si algo hay que admirar en los taxistas es la unión. En tres horas lograron hacer temblar al gobierno y firmar en documento q ningún Uber o Cabify pueda trabajar mientras no se legalice pagando los impuestos respectivos. Por q no hacen igual con los hospedajes Airbnb?,2019-07-18 01:03:22+00:00,6,1,,Colimes,0.35024559840482317
21,1141415471159398405,LimpioyListo,¿Has probado Airbnb? Regístrate a través de mi enlace y conseguirás hasta $415 de descuento en tu primer viaje. https://abnb.me/e/Ry03JUZAEX,2019-06-19 18:40:29+00:00,0,0,,El Triunfo,0.882379137758171
22,1158919354345504774,Gglisst,Estamos planeando un viaje con mis chiques y wil dice “el Airbnb con balcón para que puedan fumar” JAJAJAJA (Losamo),2019-08-07 01:54:40+00:00,1,0,,Naranjal,0.22322907453946783
23,1153728894832402434,annuca,Me acabo de enterar que están “cocinando” una propuesta de reforma interna para el uso de AirBnB -No se por qué me sorprendo-,2019-07-23 18:09:38+00:00,0,0,,Naranjal,0.36713964861248327
24,1125478544560336896,GFlowers_,Regístrate en Airbnb y consigue $40 de descuento en tu primera aventura. Aquí tienes mi enlace de invitación: https://abnb.me/e/I9QZxgyBtW,2019-05-06 19:12:50+00:00,1,0,,Naranjal,0.8836250242406968
25,1124545013713649665,LoliKuri,De ley la idea de Airbnb nació luego de ver la película The Holiday,2019-05-04 05:23:18+00:00,1,0,,Naranjal,0.46313775917713884
26,1124520318624727047,emitouuu,Busca un Airbnb,2019-05-04 03:45:11+00:00,0,0,,Naranjal,0.7945327066460565
27,1124064374677803008,TatianaRodrigz,Regístrate en Airbnb y consigue $40 de descuento en tu primera aventura. Aquí tienes mi enlace de invitación: https://abnb.me/e/lmKCiiZ7mW,2019-05-02 21:33:25+00:00,1,0,,Naranjal,0.8258372708533939
28,1123617171475705857,adeljar,Por sia en airbnb existen Tours para tomarte fotos en lugares icónicos para los que han preguntado por mis fotos en serio no es tan caro y les queda un recuerdo chévere si viajan solos como yo o si su compañero de viaje no tiene un mínimo de sentido de estética.,2019-05-01 15:56:24+00:00,24,1,,Naranjal,0.3232798397469485
29,1160019051223158784,dondehubocaos,Esta ventana del airbnb donde nos estamos quedando me hace sentir que estoy en un submarino. Además ahorita en la noche que pasan aviones y sólo se ven sus luces parece que son otros vehículos acuáticos pic.twitter.com/oMcuiWw2n3,2019-08-10 02:44:28+00:00,13,0,,Salitre,0.2393897783716045
30,1159337273139322880,delaRo5a,"así como #TheEconomist una vez definió un #Servicio como ""algo que compras y no se te puede caer en el #pie"" #airbnb debería pedirles a los #hosts q registren si sus #baños son PRIVADOS de acuerdo a: si salgo #desnudo de la #ducha y tengo la certeza d q #nadie me verá @airbnb_mx",2019-08-08 05:35:20+00:00,0,0,#TheEconomist #Servicio #pie #airbnb #hosts #baños #desnudo #ducha #nadie,Salitre,0.05867439728099691
31,1153297372904116225,luciolozano,¿Has probado #Airbnb? Regístrate a través de mi enlace y conseguirás hasta $963 MXN de descuento en tu primer viaje. https://abnb.me/e/cwFckiO0wY,2019-07-22 13:34:55+00:00,0,0,#Airbnb,Salitre,0.9327458468165478
32,1152343427482312704,LaOly,Normalmente no veo a mis huéspedes de Airbnb pues su llegada es autónoma y así Pero hoy el huésped tuvo que volver a la casa mientras la preparaba y Dior mío que guapisimo Gran taco de ojo me Di,2019-07-19 22:24:17+00:00,0,0,,Salitre,0.5834985645832502
33,1150842485368713217,crissvarlop,Otro Airbnb con perrito. Éxito tras éxito. #tomas #perroguardian #airbnbluxepic.twitter.com/YANKgu00KM – at Rancho San Francisco,2019-07-15 19:00:04+00:00,1,0,#tomas #perroguardian #airbnbluxepic,Salitre,0.35508098226650187
34,1149425599443869697,KarlyTenorio,Spiderman me gustó un buen porque sale la plaza de Venecia en dónde estaba mi Airbnb la estación de tren en Berlín a la que llegué los lugares más bonitos en los que estuve en Praga y mi hostal. Toda la película fue un throwback bien bonito.,2019-07-11 21:09:52+00:00,2,0,,Salitre,0.49901355284125587
35,1148805236863074304,melissarico429,Es normal que tú Airbnb te mande mensajes de buenas noches ?,2019-07-10 04:04:46+00:00,0,0,,Salitre,0.4753026872703807
36,1146474725733830657,pearly976,@airbnb_mx hola cuanto tiempo tardan en reembolsar un monto de apartado cuando se tiene que cancelar con 2 meses de anticipación y el anfitrión tiene política moderada de cancelación? Gracias,2019-07-03 17:44:09+00:00,0,0,,Salitre,0.2920405665912114
37,1146161514879029248,davidsandovalm7,¿Has probado Airbnb? Regístrate a través de mi enlace y conseguirás hasta $51 de descuento en tu primer viaje. https://abnb.me/e/d2nHleIk0X,2019-07-02 20:59:34+00:00,0,0,,Salitre,0.8270504870840549
38,1143227455433560064,bio_beatriz,Del centro está como a 20 minutos en auto en camión te tardas como 45 aproximadamente te conviene mejor moverte en Uber los hoteles qué hay cerca están muy caros pero seguro está la opción airbnb,2019-06-24 18:40:40+00:00,5,0,,Salitre,0.49515098919925193
39,1139189869501145089,ClaudiaSamano2,No he tenido tiempo para mí me iré a Gto este fin a tomar ginebras y Starbucks al centro. Airbnb Camioneta y gas Compañía Permiso de mi mamá en proceso.,2019-06-13 15:16:44+00:00,0,0,,Salitre,0.671041693029161
40,1128858419610279936,aQamador,Alguien quiere un par de boletos de avión de Leon a Puerto Vallarta y el hospedaje en airbnb? Estoy en el hospital y al parecer ya no iré! Sale a las el jueves 16-may 8:30 am regresando el 19-may a las 12pm. :( pic.twitter.com/YszfoYTcdB – at ISSSTE Hospital General,2019-05-16 03:03:15+00:00,0,0,,Salitre,0.5565201836114174
41,1128445638390140930,RiechPresa,@HBettingerB @airbnb_mx ya me descuenta impuestos en Quintana Roo que dicen ellos trasladan al @SATMX,2019-05-14 23:43:00+00:00,0,0,,Salitre,0.38744216349868227
42,1122541739544317952,PackoPinzon,Me encanta cuando el Airbnb tiene muy buenas opciones de lectura pic.twitter.com/hqJYjEmaHY,2019-04-28 16:43:01+00:00,0,0,,Salitre,0.9565881242809731
43,1122135792254472192,Choknorris8031,Creo dónde puedes ver todo ese tipo de situaciones es en la @PGJDF_CDMX y si también levanta una queja en @airbnb_mx,2019-04-27 13:49:55+00:00,5,2,,Salitre,0.9011038421213655
44,1158438785006407681,Revista_EyN,#CostaRica pospuso cobro de #IVA a plataformas como Airbnb #Netflix y #Uber. El Ministerio de #Hacienda necesita definir cómo se cobrará el 13% a un servicio del extranjero pero que se disfruta en suelo tico. Lea más:http://ow.ly/XO7P50vovj8,2019-08-05 18:05:03+00:00,1,0,#CostaRica #IVA #Netflix #Uber #Hacienda,Santa Lucía,0.8931834281438374
45,1157369479766036480,KEV_VALLADARES,Yo una vez dije airbnb refiriéndome al género musical R&B,2019-08-02 19:16:01+00:00,7,0,,Chone,0.806801410166612
46,1156954273659412480,AlFaroLibre,¡Lindo mi paísito del siglo pasado! Los hoteleros ya parecen taxistas pidiendo que eliminen @Airbnb . Les cuento una historia de Portoviejo cuando llegó el agua por tubería en los años 30’s el gremio de distribuidores de agua en burros también se opusieron. Así se ven!!!,2019-08-01 15:46:08+00:00,0,0,,Jaramijó,0.7345013255814026
47,1134068003052707840,PabloRA19,En el último airbnb en el que me quedé tenia libros 'raros' Diccionario masonico 5 tomos. Misterio de las catedrales... pic.twitter.com/wD44dOAA7e,2019-05-30 12:04:16+00:00,0,0,,Jaramijó,0.7689494654953898
48,1160000510218387458,Daniel_Cabanzo,La fe que le tengo a este muchacho... Le dijeron Millonarios y él mismo buscó los pasajes y el Airbnb https://twitter.com/MillonariosEste/status/1159873810323169282 …,2019-08-10 01:30:48+00:00,0,0,,Puerto López,0.5701215131032288
49,1158533656375439360,maparoch,Depende de lo que busques. El duruelo es lindo iguaque campestre o... Hay casa preciosas en airbnb más privadas con vistas lindas a 10min del pueblo. Y hay muchos planes para hacer allá sobretodo de aventura. Además muchos restaurantes divinos y super románticos.,2019-08-06 00:22:02+00:00,1,0,,Puerto López,0.9791061379159325
50,1157714746122088450,EstefaniaGzlz,Mandé una solicitud para un Airbnb y estoy más pendiente de la respuesta que cuando le dije a mi crush que es mi crush y que su acento mexicano con palabritas colombianas es la cosa más bella del mundo.,2019-08-03 18:07:59+00:00,2,0,,Puerto López,0.6343816565172905
51,1155548964223148032,VPaooola,Y Airbnb https://twitter.com/loremipsum__/status/1155487560090685442 …,2019-07-28 18:41:56+00:00,0,0,,Puerto López,0.9140709685048658
52,1153928611222700033,AmarillaGirasol,Ya te voy a ver los cachetitos quiero que mi airbnb quede cerca a tu casa https://twitter.com/DaniOdem/status/1153921488086622210 …,2019-07-24 07:23:14+00:00,1,0,,Puerto López,0.9234737077389636
53,1151859394898006016,Ingeniebrita,La idea es que me recomienden algo que ya conocen y sea bueno o si conocen un hotel bueno y no tan costoso o un Airbnb que ya han usado recomienden pues Antes de ponerme a buscar el Google.,2019-07-18 14:20:54+00:00,0,0,,Puerto López,0.08236709009908849
54,1150964003834908674,TuiteraSinVida,Buscar un AirBnb con tanta anticipación como sea posible.,2019-07-16 03:02:57+00:00,2,0,,Puerto López,0.7693981166002076
55,1141196286902833152,FelipeDuqueM1,Ese es uno de los grandes motivos que disfrazan con justificaciones absurdas.,2019-06-19 04:09:31+00:00,0,0,,Puerto López,0.5625257519660225
56,1141033605109637121,nahrivera7,Me siento extremadamente indignada con @Airbnb una usuaria activa menos.,2019-06-18 17:23:05+00:00,1,0,,Puerto López,0.41501746125124817
57,1140455641703690240,malditapelired,Cuba es muy barato busca por booking y Airbnb hay un montón de cosas que hacer si puedes quedarte más mejor,2019-06-17 03:06:28+00:00,0,0,,Puerto López,0.7762691992799751
58,1139200664721088512,Ingeniebrita,Jajajjaa Estoy mirando y creo q me sale MAS CAROOOOOO por una noche el Airbnb que el hotel con desayuno. Dios que cosa más difícil.,2019-06-13 15:59:38+00:00,0,0,,Puerto López,0.19376963654852977
59,1139198585453592579,Ingeniebrita,Yo: Los hoteles son muy caros. La gente: Busca Airbnb que te sale mejor. Yo: Buscando... Un hospedaje: Te cuesta más la limpieza del apto que la misma noche Yo: Será que si le digo q yo le dejo el apto limpio me lo deja más barato. Jajaja me pasan unas vainas. pic.twitter.com/CdBfmhRNXD,2019-06-13 15:51:22+00:00,3,0,,Puerto López,0.7612253544751542
60,1139181951259164674,Ingeniebrita,Juanma nunca he usado Airbnb mw da miedito,2019-06-13 14:45:16+00:00,1,0,,Puerto López,0.30504139463703417
61,1138994776324354050,DonLuisEduardo,Pregunta para los que han sido anfitriones en #AirBnb. ¿Cuál es la mejor forma para recibir los pagos? Gracias.,2019-06-13 02:21:30+00:00,0,0,#AirBnb,Puerto López,0.8684325208339427
62,1135624193775742977,ThespianArtist,Con lo de apps de iOS en macOS vean más cosas como Uber o Airbnb en el Mac pero no Xcode o Final Cut en iOS,2019-06-03 19:08:01+00:00,3,0,,Puerto López,0.20586604049378215
63,1134897196468494339,IexusMC,¿Alguien por acá tiene alguna propiedad en Airbnb?,2019-06-01 18:59:11+00:00,0,0,,Puerto López,0.8701980364403852
64,1133920272397062144,eko969,Yo mientras saco un Airbnb en Leticia. https://twitter.com/LaOvejaArisca/status/1133918389490110464 …,2019-05-30 02:17:14+00:00,6,0,,Puerto López,0.6348978528040099
65,1133068770107371521,EdwinBohorquezA,"Nos dice uno de los líderes de #Airbnb en #Exma2019 ""El CEO es el que debe estar al frente de todo el cambio. Se debe destinar mínimo el 10% de los ingresos. Se aglutina a los mejores recursos. KPI básico es la valoración de los usuarios""pic.twitter.com/wuYJjOigqP",2019-05-27 17:53:40+00:00,3,2,#Airbnb #Exma2019,Puerto López,0.9505054613843938
66,1133065076557139968,AndresMunozCast,Para @airbnb_es las organizaciones líquidas (adaptables al cambio) son las que tienen mejores condiciones para la innovación. #Exma2019 @UniversidadEanpic.twitter.com/dEysEl3iqY,2019-05-27 17:39:00+00:00,4,1,#Exma2019,Puerto López,0.911553769022267
67,1133064620816719872,cabralita,¡Poner a los usuarios en el centro de la innovación! recomienda @ArnaldoMuoz5 en #EXMA2019 Lo hicimos @MoralesDiegoA así lo hicimos en el nuevo portal http://www.bogota.gov.co . Coincidimos con @Airbnb @nataliavivaspic.twitter.com/PojvzmMytW,2019-05-27 17:37:11+00:00,5,3,#EXMA2019,Puerto López,0.44980050039455177
68,1133061781302198272,adrianitaca,La confianza es fundamental para el éxito de las plataformas @ArnaldoMuoz5 de @Airbnb #EXMA2019,2019-05-27 17:25:54+00:00,1,0,#EXMA2019,Puerto López,0.9889240805805011
69,1133060988276748288,adrianitaca,Testean prototipos revisando que sea capaz de solucionar un problema de usuario sino tiene calificación de 10 para usuario se deshecha. @Airbnb #EXMA2019,2019-05-27 17:22:45+00:00,4,0,#EXMA2019,Puerto López,0.9791927552081869
70,1133060058164736000,adrianitaca,Claves de @Airbnb: poner a los usuarios en el centro de la innovación. Se reunen cada viernes para que los empleados den ideas nuevas para los usuarios. #EXMA2019,2019-05-27 17:19:03+00:00,2,2,#EXMA2019,Puerto López,0.8908312341556943
71,1133058191716171776,adrianitaca,Airbnb: Air bed and breakfast. Ahora Arnaldo Muñoz nos cuenta la historia de @Airbnb #EXMA2019pic.twitter.com/bq6iOBWfXa,2019-05-27 17:11:38+00:00,1,0,#EXMA2019pic,Puerto López,0.940437996197952
72,1132698149091532800,alexjimenez86,¿Has probado Airbnb? Regístrate a través de mi enlace y conseguirás hasta $155 375 COP de descuento en tu primer viaje. #VIDEO #LaEnviadaDeTrump #NuestraSele #MonacoGPhttps://abnb.me/e/wIs2kdzF0W,2019-05-26 17:20:57+00:00,0,0,#VIDEO #LaEnviadaDeTrump #NuestraSele #MonacoGPhttps,Puerto López,0.9109465141544747
73,1130978129311424513,andredavianzo,¿Has probado Airbnb? Regístrate a través de mi enlace y conseguirás hasta $155 375 COP de descuento en tu primer viaje. https://abnb.me/e/QvMgo5dNSW,2019-05-21 23:26:13+00:00,0,0,,Puerto López,0.9440482623445434
74,1130865929695502336,mayavalenzuelaa,Bebé busca en Airbnb,2019-05-21 16:00:22+00:00,2,0,,Puerto López,0.905327907206971
75,1126470383929057280,gabrielvc,A mi airbnb si me sirvió en un viaje de trabajo conseguí cerca del sitio y muy barato. Tiene un sesgo de racismo escuché en hiddenbrain que a las POC les toca poner fotos indiscriminadas para que les aprueben (esconder la etnicidad),2019-05-09 12:54:02+00:00,0,0,,Puerto López,0.9465691359440318
76,1126469035749724160,gabrielvc,Uy no. El taxi vale lo mismo y a veces más que un uberio. Airbnb también es más barato y muchas veces de mejor calidad que los hoteles.,2019-05-09 12:48:41+00:00,1,0,,Puerto López,0.2596605654719852
77,1122610228372156416,jorgeypunto87,Ese es el demonio llamado economia naranja ( Eliminar intermediarios para quedarse con todo ) Uber Rappi Airbnb D1 son ejemplos de eso. Sus trabajadores viven al diario y sin garantias para crear un plan de vida.,2019-04-28 21:15:10+00:00,2,2,,Puerto López,0.672199069071721
78,1121478543689568257,DonJuanoGarcia,Regístrate en Airbnb y consigue $35 de descuento en tu primera aventura. Aquí tienes mi enlace de invitación: https://abnb.me/e/kAMX2DIhbW,2019-04-25 18:18:15+00:00,1,1,,Puerto López,0.7595561283667247
79,1160236945760559104,Turismo_Colab,El aumento de las viviendas de uso turístico es posible en gran medida gracias a plataformas como Airbnb que permite que se oferten y publiciten alojamientos. Visita nuestro blog y descubre más: http://turismocolaborativo.edu.umh.es/2019/08/10/imparable-crecimiento-airbnb-ambito-las-viviendas-uso-turistico/ …,2019-08-10 17:10:18+00:00,2,1,,San Vicente,0.7207517697233288
80,1158425078511603720,ComplianceMEXIA,Airbnb elige el software de AvaiBook para mejorar la experiencia en el alquiler vacacional https://www.eleconomista.es/aragon/noticias/10028459/08/19/Airbnb-elige-el-software-de-AvaiBook-para-mejorar-la-experiencia-en-el-alquiler-vacacional.html … Mexía Algar Abogados News - Titular @elEconomistaes,2019-08-05 17:10:35+00:00,0,0,,San Vicente,0.3519275624732869
81,1157658164852117505,rosanamente,¿Has probado Airbnb? Regístrate a través de mi enlace y conseguirás hasta 34€ de descuento en tu primer viaje. https://abnb.me/e/5ixM59iZQY,2019-08-03 14:23:09+00:00,0,0,,San Vicente,0.9241907008041119
82,1120395543509970944,Tatybou16,ACABO DE LLEGAR A CASA Y NO QUIERO ACEPTAR QUE NO SEA EL AIRBNB DE QUE HEMOS COGIDO PARA ESTOS DÍAS EN MADRID ME NIEGO A ESTO DE VERDAD! pic.twitter.com/SWTDKiBUD3,2019-04-22 18:34:48+00:00,2,1,,San Vicente,0.635396832391474
83,1159519178094592000,malpica_pro,Así es Swimmy el ‘Airbnb de las piscinas’ que acaba de llegar a España http://dlvr.it/R9vYYy pic.twitter.com/3UAGifMZXX,2019-08-08 17:38:09+00:00,0,0,,Valencia,0.5260902453289886
84,1159420298602717184,PilesDavid,Recordando: OFERTA DE ALOJAMIENTOS TURÍSTICOS EN VALENCIA. #ViviendasTuristicas #Airbnb @GVAturismehttps://strageo.maps.arcgis.com/apps/Cascade/index.html?appid=b23a14edcdee4705aadc80cd7b97fc60 …,2019-08-08 11:05:14+00:00,0,0,#ViviendasTuristicas #Airbnb,Valencia,0.7424126897269612
85,1158660408456208384,chemavazquez,Es el piso de Airbnb que buscaría Luis XVI,2019-08-06 08:45:42+00:00,7,0,,Valencia,0.8777799763914759
86,1148401044642312194,JosueYpz_,Pregúntale si viene con pasaje aereo seguro de viaje y estadía paga en AirBnB https://twitter.com/mariamtemira/status/1148389199428689920 …,2019-07-09 01:18:39+00:00,0,1,,Valencia,0.6358371614750259
87,1159527929799434241,hdsdelgadillo,¿Has probado Airbnb? Regístrate a través de mi enlace y conseguirás hasta $963 MXN de descuento en tu primer viaje. https://abnb.me/e/2JN9CDfyZY,2019-08-08 18:12:56+00:00,0,0,,Salinas,0.9388500809166189
88,1157660181905510400,Shiki_mx,Como lo mencioné. Seguramente hablo de ello en algún momento esto comparado con el uso de su teléfono y búsquedas de Google que seguramente hizo se empató y se llegó ese punto. Dudo que se haya violentado la seguridad de las conversaciones de aplicaciones de terceros.,2019-08-03 14:31:10+00:00,0,0,,Salinas,0.36087553015332763
89,1152616100422717442,NellyDesu,También aquí es de densor y justo me pasa que me despierto de golpe como a las 4:30 y escucho como si alguien estuviera afuera de mi cuarto. Pero lo tuyo que miedo jamás he tenido sueños con incubos que me tocan o algo :(((( qué bueno que fue en un airbnb y no en tu casa.,2019-07-20 16:27:47+00:00,0,0,,Salinas,0.14818265215710683
90,1151327701673885707,iYareni_Lara,¿Has probado Airbnb? Regístrate a través de mi enlace y conseguirás hasta $963 MXN de descuento en tu primer viaje. https://abnb.me/e/RiDOssHZnY,2019-07-17 03:08:09+00:00,1,0,,Salinas,0.9389798113460364
91,1149454937442701312,jgfragoso,@airbnb_mx Cuál fue el apoyo de su parte ?https://twitter.com/LaAgendaSetting/status/1149286538167144449 …,2019-07-11 23:06:27+00:00,0,0,,Salinas,0.6509253754683448
92,1149454726070767616,jgfragoso,@airbnb_mx Cual fue el apoyo de Airbnb al anfitrión ? https://www.animalpolitico.com/2019/07/holandesa-judo-muere-explosion-airbnb-playa-del-carmen/ …,2019-07-11 23:05:37+00:00,0,0,,Salinas,0.8518438354741605
93,1140107469206638593,MAHELOMEX,CONOCE TEOTIHUACAN EN TU IDIOMA — Experiencias en @airbnb https://abnb.me/4Yj2Sy4svX?user_id=232408036&s=5 …,2019-06-16 04:02:57+00:00,0,0,,Salinas,0.9374104198593937
94,1138954391468281857,letrasdesabores,Llegamos a #CasaTeo del chef @enriqueolvera quien se inspiró en el concepto de residencias artísticas para mantener lo que era el segundo piso de @pujolrestaurant El lugar bien iluminado y bien musicalizado por @Sonos propicia la convivencia creativa. También está en @airbnb_mxpic.twitter.com/jb8K93c9P8,2019-06-12 23:41:02+00:00,4,0,#CasaTeo,Salinas,0.651229377785635
95,1136692292138557440,juanirazabal,Pero el se va en avión de línea mi Cecy y se queda en Airbnb ya ves estos de 4a. Jajaja saludos,2019-06-06 17:52:15+00:00,1,0,,Salinas,0.04470568393999213
96,1132071569939992576,karenzlw,Abajo de mi Airbnb hay una panadería y cafetería y huele turbo delicioso. pic.twitter.com/4TSkyQNYAA,2019-05-24 23:51:09+00:00,0,0,,Salinas,0.7228971351556513
97,1128870453714587648,Forbes_Mexico,¿Sabías que @Airbnb ya tiene el doble de camas que todos los hoteles del mundo? En entrevista Greg Greeley presidente de alojamientos de este unicornio nos cuenta cómo lograron convertirse en el gigante que son hoy. Por @mauriciomorehttps://www.forbes.com.mx/entrevista-airbnb-y-la-migracion-de-la-industria-hotelera/ …,2019-05-16 03:51:04+00:00,36,17,,Salinas,0.6422254675135688
98,1123617053225693186,ADMEXICO,¡Celebramos el cumpleaños de #WesAnderson! Acompáñanos a recorrer este increíble Airbnb con decoración inspirada en sus películas. https://m.admexico.mx/estilo-de-vida/lugares/articulos/hospedar-airbnb-decoracion-wes-anderson/5372 …pic.twitter.com/IhcVM3v482,2019-05-01 15:55:55+00:00,2,0,#WesAnderson,Salinas,0.7394169575341264
99,1157150502003474438,TuCasaRD,Espectacular y Moderno proyecto en Evaristo Morales • US$88400 . #airbnb Diseño vanguardista 2 Lobbys de Lujo terminaciones de primera 4 Ascensores entrada con driveway doble entrada a la Torre el cual… https://www.instagram.com/p/B0pg5cDgkBX/?igshid=fzlqqgls9niw …,2019-08-02 04:45:53+00:00,0,0,#airbnb,Santo Domingo,0.9741084862780031
100,1156528255484211200,righotels,Siempre es un buen momento para disfrutar de un día inolvidable. #misterbnb #airbnb #hotelrd #zonacolonialrd #zonacolonial #santodomingo #hotel #piscina #pool #jacuzzi en RIG Hotels https://www.instagram.com/p/B0lGBVhAATV/?igshid=111vp2ja1l0en …,2019-07-31 11:33:18+00:00,0,0,#misterbnb #airbnb #hotelrd #zonacolonialrd #zonacolonial #santodomingo #hotel #piscina #pool #jacuzzi,Santo Domingo,0.5732583856601451
101,1136823160530227207,RomanoLewis,El modelo de negocio ha cambiado @YouTube @netflix @Airbnb @Uber y ahora el nuestro @matiasgarciard. Sigan creyendo que la marrana ponía...,2019-06-07 02:32:17+00:00,0,0,,Santo Domingo,0.8968446614212983
102,1135288151130484736,OnyselaValdez,Una modalidad de alquiler de yates en Estados Unidos que algunos aseguran se trata del #Airbnb de las embarcaciones. Via @CNNEE https://cnnespanol.cnn.com/?s=Alquiler+yates+airbnb … #travel,2019-06-02 20:52:42+00:00,1,0,#Airbnb #travel,Santo Domingo,0.9320216432632229
103,1129936462059888640,robsantaella,Uber Airbnb y el internet banking del popular jajajaajja https://twitter.com/Joelitor/status/1129936021276299264 …,2019-05-19 02:27:00+00:00,1,0,,Santo Domingo,0.5700251673089208
104,1128738862849757184,JulioSexsar,la cantidad de fotos de las casas en airbnb es para que puedas evaluar en cuantas partes puedes echar un quickie con una vista agradable!,2019-05-15 19:08:10+00:00,1,0,,Santo Domingo,0.22600657154157647
105,1126804171213156353,infoturDom,Propiedades activas en Airbnb en República Dominicana equivalen al 22% de las 80 mil habitaciones hotelera https://bit.ly/2Hgdl2G @Airbnb @ASONAHORES1 @MTurismoRD @FJavierGarciaF @FaustoFdezFdez @analyticard @StoDgoHotels @ashotelesrb @PuertoPlata_POP @GoSamana @AirbnbCitizenpic.twitter.com/byTonzsac5,2019-05-10 11:00:24+00:00,0,0,,Santo Domingo,0.5394056716140992
106,1124857980975894528,oliannypolanco,Proyecto en Evaristo ideal para Airbnb! Torre de apartamentos de 1 y 2 habitaciones! En excelente ubicación cerca de Plazas hotelescomercios y vida nocturna! 1 hab desde… https://www.instagram.com/p/BxEECz4hcki/?utm_source=ig_twitter_share&igshid=cdm6a3atansf …,2019-05-05 02:06:56+00:00,2,1,,Santo Domingo,0.9797384903919165
107,1120465598516027393,Carlos_lantigua,Tienes un Airbnb permanente?? Es para un amigo :p,2019-04-22 23:13:10+00:00,1,0,,Santo Domingo,0.4482681735124134
0,1136962873559830528,svccubvs,Ya he cagado en el Airbnb esta ya es mi casa,2019-06-07 11:47:27+00:00,4,0,,Espejo,0.6291594707108289
1,1135774951301103616,TerceraPiel,AirBnb y la vida que imaginamos https://cordopolis.es/tiempos-liquidos/2019/06/02/airbnb-y-la-vida-que-imaginamos/ …,2019-06-04 05:07:04+00:00,0,0,,Espejo,0.6736864130920466
2,1152968691631513600,Amazingitalytou,Redentore feast in #Venice #Italy #ttot #airbnb @Italia #tripadvisor #travelphotography ig claudia_mimejorveneciapic.twitter.com/9xOUrknBq1,2019-07-21 15:48:51+00:00,0,0,#Venice #Italy #ttot #airbnb #tripadvisor #travelphotography,Mira,0.86870565113377
3,1151660459101249539,SantiagMAndrade,Y pronto los hoteles se irán contra Airbnb? Y cableoperadoras contra Netflix? Qué más?,2019-07-18 01:10:24+00:00,28,12,,Ibarra,0.23269245653264242
4,1159488671940272128,perrojirafo,Tomarse fotos en mi casa y poner tipo «en el AirBnB de Río de Janeiro» o «De paseo en Ibiza» de localización de las fotos para tener más me gusta o no se qué.,2019-08-08 15:36:56+00:00,0,0,,Quito,0.4397070955336489
5,1159446378160017411,KattyMejia11,@Airbnb necesito asesoramiento para mecanismo de cobro por hospedaje temporal,2019-08-08 12:48:52+00:00,0,0,,Quito,0.5715983508328835
6,1159437319222566913,davidbalarezo,¿Has probado Airbnb? Regístrate a través de mi enlace y conseguirás hasta $55 de descuento en tu primer viaje. https://abnb.me/e/IRsy8Tv8YY,2019-08-08 12:12:52+00:00,0,0,,Quito,0.9172688494790224
7,1158518788968443905,juanfra95,Airbnb en Cali. Veamos que tal resulta,2019-08-05 23:22:58+00:00,0,0,,Quito,0.6718659335301421
8,1158386166741254144,pdavilaj,¿Has probado Airbnb? Regístrate a través de mi enlace y conseguirás hasta $55 de descuento en tu primer viaje. https://abnb.me/e/NKdlZV1jUY,2019-08-05 14:35:58+00:00,0,0,,Quito,0.8695490422968185
9,1158359691421986816,somosfokus,Así es Swimmy el ‘Airbnb de las piscinas’ que acaba de llegar a España mira la noticia ->http://bit.ly/2ZwXODD pic.twitter.com/sxJSEM8GI9,2019-08-05 12:50:46+00:00,0,0,,Quito,0.9337548661077631
10,1157117416129933313,32_henrymau,¿Has probado Airbnb? Regístrate a través de mi enlace y conseguirás hasta $55 de descuento en tu primer viaje. https://abnb.me/e/szrm21KvOY,2019-08-02 02:34:24+00:00,0,0,,Quito,0.9488189332080726
11,1150907166762721282,RazorsEdgeEC,Los lunes los convertimos en oportunidad.... arregla tu look en manos expertas !!!!! Reserva al 3237101 WS 099-762-3728 #barba #lunes #FelizLunes #best_airbnb #barbershoppic.twitter.com/zadgeclDXA,2019-07-15 23:17:06+00:00,1,0,#barba #lunes #FelizLunes #best_airbnb #barbershoppic,Quito,0.07644696609689512
12,1144659295864262657,RazorsEdgeEC,Prepárate para lucir cómo quieres pero solo en manos expertas. Somos Razor’s Edge Barber Club!!!!! Reserva al 3237101 #razorsedgebarberclub #onlyformen #haircutmen #airbnb #aviation #cabello #barba #onlyforluxury #bigotes #berbershop #spa #barbudo #soloparaellos #spaformens,2019-06-28 17:30:17+00:00,0,0,#razorsedgebarberclub #onlyformen #haircutmen #airbnb #aviation #cabello #barba #onlyforluxury #bigotes #berbershop #spa #barbudo #soloparaellos #spaformens,Quito,0.9654591087092491
13,1144297537215574016,sjKiFord,AirBnb Debe pagar. Compite con REALES EMPRESARIOS. https://twitter.com/MOlvera1993/status/1144257652144390145 …,2019-06-27 17:32:47+00:00,0,0,,Quito,0.514219323890916
14,1143249658887778304,RazorsEdgeEC,Trabajar en tu estilo es nuestra responsabilidad. Reserva con nosotros al 3237101 #razorsedgebarberclub #onlyformen #haircutmen #airbnb #aviation #cabello #barba #onlyforluxury #bigotes #berbershop #spa #barbudo #soloparaellos #spaformens #niñosfashion #padres #quitopic.twitter.com/KSzhnJSbAj,2019-06-24 20:08:53+00:00,0,0,#razorsedgebarberclub #onlyformen #haircutmen #airbnb #aviation #cabello #barba #onlyforluxury #bigotes #berbershop #spa #barbudo #soloparaellos #spaformens #niñosfashion #padres #quitopic,Quito,0.9820059036699705
15,1142051645582434304,owlsamatista,Mi amiga viene por 1 año a Ecuador pensamos mejor que vaya a un airbnb para que estos días encuentre un depar y estos le salen que la señora es mayor que no molesta,2019-06-21 12:48:25+00:00,1,0,,Quito,0.6905546573151078
16,1135527169516539904,Ecuador_Tur,PAQUETE INDIVIDUAL a USA Avion + Airbnb + Auto requisitos: visa USA trajeta de credito licencia de conducir WhatsApp +593 999 000 222 (solo escribir) telefono 02-2454782 Amazonas y NNUU CC Unicornio local 243 EcuadorTur #USA #AIRBNB #RENTACARpic.twitter.com/zKXtObI5kC,2019-06-03 12:42:28+00:00,0,0,#USA #AIRBNB #RENTACARpic,Quito,0.3655729504194418
17,1121235215391834113,GermanAnda,Airbnb mas fácil y económico,2019-04-25 02:11:21+00:00,0,0,,Quito,0.98720305561605
18,1135744455254917120,MartinFotografo,Luisín en Virginia donde vivo tenía AIRBNB en mi apto llegué a recibir gente d algo nivel en Europa y un general 4 estrellas americano nuestra cultura no acepta tanta humildad.,2019-06-04 03:05:53+00:00,0,0,,Mejia,0.32356364296559653
19,1157369479766036480,KEV_VALLADARES,Yo una vez dije airbnb refiriéndome al género musical R&B,2019-08-02 19:16:01+00:00,7,0,,Latacunga,0.806801410166612
20,1157682547658149888,ValleVilches,«Swimmy» el Airbnb de las piscinas llega a España https://trends.noddus.com/2019/08/03/swimmy-el-airbnb-de-las-piscinas-llega-a-espana/ …,2019-08-03 16:00:02+00:00,0,1,,Pangua,0.7292420964996182
21,1137835318231670785,alex_txurruka,Disfruta de un descuento de 65€ con el cupón de Airbnb https://descuentos.elmundo.es/codigo-descuento/airbnb …,2019-06-09 21:34:14+00:00,0,0,,Pangua,0.8332416740562055
22,1124323707948761089,gasteizhoy,Precios muy elevados para los aficionados rusos y turcos que buscan alojamiento en Airbnb https://bit.ly/2XZzs4h,2019-05-03 14:43:55+00:00,0,0,,Pangua,0.89542502132523
23,1160219287623217152,Rincon_Deporte,Paso la época de encontrar gangas por Tokio. Incluso en Airbnb y similares es inaccesible x2.5 como mínimo respecto a Río teniendo en cuenta que en Río estabas en todo el meollo y en Tokio no se puede.,2019-08-10 16:00:08+00:00,1,0,,Ambato,0.25532473374421183
24,1138108635450683392,Wants_Revenge,Qué feos son los Airbnb en Guayaquil.,2019-06-10 15:40:18+00:00,0,0,,Ambato,0.8220427200803861
25,1131901313506336769,Aviajarcon,Murray Cox el activista que demuestra el daño que hace Airbnb en el mundo https://www.latimes.com/business/la-fi-airbnb-murray-cox-20190524-story.html …,2019-05-24 12:34:37+00:00,0,0,,Ambato,0.6901490208843823
26,1159609113317433345,Alexrivaden1895,Alguien sabe si los Argentinos tienen algo contra los Ecuatorianos para no poner que soy en mi reserva en Airbnb? Les estoy pagando y me rechazan sin ninguna razón; ya van 3 que voy confirmando con pago y todo.,2019-08-08 23:35:31+00:00,0,0,,Guaranda,0.42438867356912
27,1123193370262867968,faustov3la,Hice mi primera reserva en Airbnb se jodio Booking.,2019-04-30 11:52:22+00:00,0,0,,Chillanes,0.5413044636149793
28,1157283520211030017,CRISTINADDE,@airbnb_es reserva cancelada de forma unilateral por un error bancario y eso sí os quedáis con el importe adelantado. Economía colaborativa pero sólo para vosotros no?,2019-08-02 13:34:27+00:00,0,0,,Chimbo,0.4977694535204988
29,1157283137707225088,CRISTINADDE,@airbnb_es Mi familia y yo estamos encantados con que nos hayáis cancelado unilateralmente una reserva realizada en enero por un error con la tarjeta de crédito. Nos habéis dejado sin vacaciones en pleno mes de agosto y además os quedáis con el importe adelantado.,2019-08-02 13:32:55+00:00,0,0,,Chimbo,0.2612364789236827
30,1159588868657745925,PabloCordovaV,Tras dominar el mercado de alquileres vacacionales y lanzarse a la caza de viajeros en busca de experiencias Airbnb vuelve la vista a los viajeros de negocios. Así se lanza al alquiler de larga estancia a través de la adquisición de Urbandoor. pic.twitter.com/4q0e9sKBse,2019-08-08 22:15:05+00:00,0,0,,Chunchi,0.7225672491857977
31,1159583311280377856,PabloCordovaV,@Airbnb se lanza a los alquileres de larga estancia. Con la compra de @UrbandoorG Airbnb avanza en un nuevo mercado por explotar: el alquiler de propiedades para estancias prolongadas. #Fusiones #Adquisiciones #Innovacion #MkTpic.twitter.com/iYntXrdmdy,2019-08-08 21:53:00+00:00,0,0,#Fusiones #Adquisiciones #Innovacion #MkTpic,Chunchi,0.7519841807868258
32,1157850089559339008,kikcorne,Realmente ni Netflix Airbnb Uber etc no tuvieron la culpa que Blockbuster Hoteles ni Cooperativas de Taxis pierdan gran parte o total del mercado en el mundo... El NO centrarse en el cliente lo hizo pic.twitter.com/TqfLnvh7mc,2019-08-04 03:05:47+00:00,3,1,,Chunchi,0.2810573624380314
33,1157321070514462721,bydiox,Pero vamos no hay un problema de oferta sino que hay una parte de la oferta retenida (Airbnb/alquiler vacacional) y el resto está intentando surfear la ola hasta que todo se vaya al carajo,2019-08-02 16:03:39+00:00,0,0,,Azogues,0.7794929304768388
34,1153786030450827268,patoedg,Todos los paises están generando leyes para Regulación a Airbnb lista hasta finales de este año: hoteleros y #Ecuador no es la excepción @fenacapturec @pedropalaciosu @yakuperezg @TurismoEc @Captur_Azuay @CapturLojaofic1https://elfinanciero.com.mx/empresas/regulacion-a-airbnb-lista-hasta-finales-de-este-ano-hoteleros …,2019-07-23 21:56:40+00:00,7,4,#Ecuador,Azogues,0.46367121378969317
35,1151556606326378497,MinturZonal6,“El sector privado tiene que ser proactivo tiene que renovarse para que no nos preocupe el ingreso de un #AirBnb regulado por ejemplo. Como dueños de los negocios debemos profesionalizarnos en la actividad turística y formar parte de las soluciones” #JuanPabloVintimillapic.twitter.com/OspecspXXM,2019-07-17 18:17:44+00:00,2,2,#AirBnb #JuanPabloVintimillapic,Azogues,0.8686508545091511
36,1144406766496735232,patoedg,@fenacapturec @TurismoEc @TurismoCuencaEC @pedropalaciosu @n_larenas @tomebamba @splendid1040 @splendid1040 Gobierno de #Ecuador analiza gravar servicios digitales como @NetflixLAT @SpotifyLatino o @Uber también deberian regular @Airbnb | El Comercio https://www.elcomercio.com/actualidad/gobierno-analiza-gravar-servicios-digitales.html …,2019-06-28 00:46:49+00:00,1,1,#Ecuador,Azogues,0.36303022028997234
37,1158919354345504774,Gglisst,Estamos planeando un viaje con mis chiques y wil dice “el Airbnb con balcón para que puedan fumar” JAJAJAJA (Losamo),2019-08-07 01:54:40+00:00,1,0,,Biblian,0.22322907453946783
38,1153728894832402434,annuca,Me acabo de enterar que están “cocinando” una propuesta de reforma interna para el uso de AirBnB -No se por qué me sorprendo-,2019-07-23 18:09:38+00:00,0,0,,Biblian,0.36713964861248327
39,1125478544560336896,GFlowers_,Regístrate en Airbnb y consigue $40 de descuento en tu primera aventura. Aquí tienes mi enlace de invitación: https://abnb.me/e/I9QZxgyBtW,2019-05-06 19:12:50+00:00,1,0,,Biblian,0.8836250242406968
40,1124545013713649665,LoliKuri,De ley la idea de Airbnb nació luego de ver la película The Holiday,2019-05-04 05:23:18+00:00,1,0,,Biblian,0.46313775917713884
41,1124520318624727047,emitouuu,Busca un Airbnb,2019-05-04 03:45:11+00:00,0,0,,Biblian,0.7945327066460565
42,1124064374677803008,TatianaRodrigz,Regístrate en Airbnb y consigue $40 de descuento en tu primera aventura. Aquí tienes mi enlace de invitación: https://abnb.me/e/lmKCiiZ7mW,2019-05-02 21:33:25+00:00,1,0,,Biblian,0.8258372708533939
43,1123617171475705857,adeljar,Por sia en airbnb existen Tours para tomarte fotos en lugares icónicos para los que han preguntado por mis fotos en serio no es tan caro y les queda un recuerdo chévere si viajan solos como yo o si su compañero de viaje no tiene un mínimo de sentido de estética.,2019-05-01 15:56:24+00:00,24,1,,Biblian,0.3232798397469485
44,1159556530368331776,JualexGalvex,Sí es rentable. Siempre y cuando el apartamento sea de uno y cuando se alquila haya dónde quedarse sin pagar. En promedio el alquiler mensual de un apartamento es de 600 mil pesos. Con Airbnb esos 600 mil los hace en una semana,2019-08-08 20:06:35+00:00,1,0,,Tambo,0.19485586679601047
45,1141080265424588800,luis_luisrom,El gran hotel.... O por la aplicación de AIRBNB sale más económico un apto y es de una!!!,2019-06-18 20:28:30+00:00,1,0,,Giron,0.6012024416645442
46,1153532778773962752,UnTalMac,Mi AirBnb apaga el internet a las 11. ¡Qué puto!,2019-07-23 05:10:20+00:00,1,0,,Zapotillo,0.4964135970575241
47,1135918522389880836,Alberto_Herrera,¿Y si hacemos un Airbnb pero para migrantes sin documentos? ¿Una red enorme de gente que pueda recibir a quienes necesitan hospedaje temporal mientras se buscan la vida en nuestra ciudad?,2019-06-04 14:37:34+00:00,44,5,,Zapotillo,0.28171902827062834
48,1134684629972262912,priscareaga,Alquile mi AirBnb con intruso incluido pic.twitter.com/go8J19EcxR,2019-06-01 04:54:31+00:00,1,0,,Zapotillo,0.7318548657687015
