1160214718595813376,Traveller_mx,#Formula1 en la Ciudad de México Fechas: 24 al 28 de octubre Incluye: Entrada 3 días (Zona azul) y hospedaje 4 noches en hotel seleccionado Mayor información info@travellermx.com WhatsApp: 9992105717… https://www.instagram.com/p/B0_SbbrAbsj/?igshid=fj4h8r1y3ao6 …,2019-08-10 15:41:59+00:00,0,0,#Formula1,San Cristobal
1160184020367478784,Finanzas_CDMX,#FelizSábado ¡Ponte al corriente en el pago de tus contribuciones! PREDIAL: http://bit.ly/2idLk2s AGUA:http://bit.ly/2LAaTV0 NÓMINAS: http://bit.ly/2riRFNT PRESTACIÓN DE SERVICIOS DE HOSPEDAJE: http://bit.ly/2VYjnPP Tienes hasta el 2 de septiembre.pic.twitter.com/tke7kfi4JO,2019-08-10 13:40:00+00:00,4,4,#FelizSábado,San Cristobal
1160044181181652992,DaveParedes,JAJAJAJAJAJAJ. Desde hace 30 años que LLDM solicita el préstamo de las escuelas para HOSPEDAJE y a cambio dan mantenimiento y remodelación a las instalaciones. ¿Habla su ignorancia o intolerancia?,2019-08-10 04:24:20+00:00,3,0,,San Cristobal
1160029774049402880,TheLionsSpeech,No se por que a la gente no le gusta los vuelos largos like te la pasas descansando te dan de comer dos días y te dan hospedaje gratis sin contar que son más baratos qué bien servicio 10/10,2019-08-10 03:27:05+00:00,1,0,,San Cristobal
1160019351346356224,solisbren,Ay wey alguien acompáñeme a Puerto Vallarta Totix se cubrirá otro evento en cdmx y me iré yo solita ya está el vuelo y el hospedaje. Necesito más amigos.,2019-08-10 02:45:40+00:00,2,0,,San Cristobal
1159993791807393793,406Aroma,hospedaje con Centro histórico disfruta del concierto.,2019-08-10 01:04:06+00:00,0,0,,San Cristobal
1159942269216022528,comiemx,#RumboAAcapulco2019 - Consulta toda la información sobre el hospedaje y más detalles del congreso en el sitio web: http://congreso.comie.org.mx/ pic.twitter.com/Y92R6vXxip,2019-08-09 21:39:22+00:00,5,4,#RumboAAcapulco2019,San Cristobal
1159923248479514624,dafneailed_,¿Pagar $6395 por viaje redondo hospedaje y boleto para el Hellow Festival solo por ver a Kygo? Que bueno que no tengo una tarjeta de crédito porque si lo andaba pagando valiendo madre.,2019-08-09 20:23:47+00:00,0,0,,San Cristobal
1159624148068503553,GoGlobalandTra1,Circuito Chihuahua - Los Mochis (El Fuerte) - 4 días al 2x1 *3 noches de hospedaje *2 desayunos por persona *Boletos de tren Ferromex Chepe de Primera Clase *Boletos de autobús línea Noroeste Vigencia para viajar: 31 de diciembre 2019 pic.twitter.com/uz5NszNDJs,2019-08-09 00:35:16+00:00,0,0,,San Cristobal
1159542890609152001,g_huert,Ahora que mi mamá estuvo internada había a su lado una señora que venía de Sonora y su familia se gastó mucho dinero por el tema del hospedaje porque le retrasaron varias veces la operación,2019-08-08 19:12:23+00:00,3,1,,San Cristobal
1159532792792985605,olimpicatravel,#Cancún #PlayadelCarmen vuelo  hospedaje alimentos excursiones y mucho más conoce nuestra oferta hotelera http://www.olimpicatravel.com/paquete_promo/detail/2 … #PlayadelCarmen & #RivieraMaya http://www.olimpicatravel.com/paquete_promo/detail/1 … Hasta 18 MSI * consulta las tarjetas participantes #OlímpicaTravelOMpic.twitter.com/mqGNLkyNSP,2019-08-08 18:32:15+00:00,0,0,#Cancún #PlayadelCarmen #PlayadelCarmen #RivieraMaya #OlímpicaTravelOMpic,San Cristobal
1159511328366592000,cloudyboyJB,Nunca voy a entender su obsesión con viajar y pagar dinerales por trayecto hospedaje comida. En la comodidad de su casa con su computadora o su tele pueden poner videos de la playa del bosque etc. y hasta lo pueden hacer sin pararse de su cama. https://twitter.com/pagusrendon/status/1159116545752227840 …,2019-08-08 17:06:58+00:00,1,0,,San Cristobal
1159329055751188480,DIEGO_IOB,Me ilusiono muy rápido luego luego busco vuelos hospedaje y pues al final te matan esa ilusión.,2019-08-08 05:02:40+00:00,1,0,,San Cristobal
1159250273187110913,RinconadaSF,Conoce las tarifas de hospedaje en #Xochitepec ingresa a nuestro sitio: http://www.hotellarinconada.com/instalaciones-hotel-en-xochitepec …pic.twitter.com/2UtwCSPrK6,2019-08-07 23:49:37+00:00,0,0,#Xochitepec,San Cristobal
1159221864910245894,NattGiron,Después las obras terminadas se ponen a disposición de grupos universitarios e independientes de teatro quienes estrenan la obra en un festival el cual es el resultado de una suma de voluntades. La gente de la comunidad dona comidas y hospedaje a los actores.,2019-08-07 21:56:44+00:00,0,0,,San Cristobal
1159207088326762496,Finanzas_CDMX,#FelizMiércoles ¡Ponte al corriente en el pago de tus contribuciones! PREDIAL: http://bit.ly/2idLk2s AGUA: http://bit.ly/2LAaTV0 NÓMINAS: http://bit.ly/2riRFNT PRESTACIÓN DE SERVICIOS DE HOSPEDAJE: http://bit.ly/2VYjnPP pic.twitter.com/GqKRz4u5xQ,2019-08-07 20:58:01+00:00,4,6,#FelizMiércoles,San Cristobal
1159166023016173568,MarieFerdinand,Y sin problema te puedes quedar conmigo @Velitronica el 23. Ya tienes hospedaje para los demás días?,2019-08-07 18:14:50+00:00,0,0,,San Cristobal
1159128503033520128,Madcst,Ahora que estuve buscando como idiota a " @Harry_Styles en Cancún" me sale un chingo de publicidad para viajes hospedaje etc... No no puedo ir a cancún soy pobre.,2019-08-07 15:45:45+00:00,0,0,,San Cristobal
1158913817503576070,mellamopeter,Yo en segundo: qué hueva trabajar en política fiscal Yo en sexto: las series de tiempo son una jalada Yo hoy: ya tengo el pronóstico al cierre de año del impuesto de hospedaje. Las vueltas que da la vida.,2019-08-07 01:32:40+00:00,24,0,,San Cristobal
1158876852372615169,olga_m_m,Llegas a un hospedaje de grupo IHG y das tu número de grupo Posadas. Todos te ven: Yo: Srita perdóneme demasiados números a recordar. (Hacienda IMSS bancos contraseñas de todo viajero frecuente cédulas número del perro del gato entre otros.) Justo ese me falló.,2019-08-06 23:05:47+00:00,4,0,,San Cristobal
1158851405114822656,Heldiplomatico,Habitación Estándar equipada con una cama king size o dos camas matrimoniales para un máximo de 3 personas #CDMX #Hospedaje http://www.eldiplomatico.com.mx pic.twitter.com/7dpyQUN3Tn,2019-08-06 21:24:40+00:00,0,1,#CDMX #Hospedaje,San Cristobal
1158776747652997121,Univ_Destinos,¡Ya viene el Cervantino! Te dejamos 5 opciones de hospedaje en la ciudad de Guanajuato recuerda que debes apurarte a reservar http://eluni.mx/2m4rysqvni pic.twitter.com/Is3strEqXc,2019-08-06 16:28:00+00:00,39,13,,San Cristobal
1158764135175327749,internatemx,#BuenosDiasATodos obtén un sitio web completo y correos electrónicos al mejor costo-beneficio. Además dominio y Hospedaje por dos años ¡checalo! https://www.internate.mx/promocion-web/ pic.twitter.com/lDNBhOffgO,2019-08-06 15:37:53+00:00,0,0,#BuenosDiasATodos,San Cristobal
1158616610447527936,Luisgcamposs,Están en GDL la aerolínea no proporciona hospedaje cada pasajero tiene que buscar su propio hospedaje y se les reembolsará pésimo.,2019-08-06 05:51:40+00:00,1,0,,San Cristobal
1158557280935317504,JaimeJavier59,no es una deidad y mucho menos un ejemplo las medallas de han dado con esfuerzo y dedicación de los atletas individualmente  ellos sin viáticos  ni hospedaje digno y el paseándose con sus "amigos " en los panamericanos y colgándose éxitos que nunca apoyo a los "Berrinchudos ",2019-08-06 01:55:55+00:00,0,0,,San Cristobal
1158494089840615427,internatemx,Obtén un Sitio web completo con dos años de Dominio y Hospedaje. Revisa nuestra promoción en https://www.internate.mx/promocion-web/ #paginaweb #ofertas #negocios #promocionespic.twitter.com/KaoEf8SDpP,2019-08-05 21:44:49+00:00,0,0,#paginaweb #ofertas #negocios #promocionespic,San Cristobal
1158437515101188096,CTSViajes,Considera agregar en la #PolíticaDeViajes tarifas máximas de hospedaje por ciudad sobre todo en aquellas con mayor volumen de viajes. pic.twitter.com/mw5baIYwYU,2019-08-05 18:00:00+00:00,2,1,#PolíticaDeViajes,San Cristobal
1158418211722993665,omai_dog,Omai dog! es la mejor opción de hospedaje en estas vacaciones para tu peludo! Contactanos: 5549359072 pic.twitter.com/3VVQqflXtR,2019-08-05 16:43:18+00:00,0,0,,San Cristobal
1158393796935081984,hd4everfan,Ando esperando mi brazalete vip que incluye vuelo redondo hospedaje entrada al show foto con la virgencita de Guadalupe cena con el staff... Y obvio mi nieve de limón. (Iba a decir mi torta pero esa deuda quedó saldada en la grabación de conexión) pic.twitter.com/ldVg7n22ot,2019-08-05 15:06:17+00:00,2,0,,San Cristobal
1158382176460845056,saludpublicaac,Visiten el sitio de la LXXIII Reunión Anual de Salud Pública en el apartado de Sede podrán consular la ubicación del TuzoForum y la oferta de hospedaje para congresistas. #somossaludpública #73RASP https://www.smsp.org.mx/hidalgo_2019/sede_2019.html …pic.twitter.com/FgbqauJr76,2019-08-05 14:20:07+00:00,15,7,#somossaludpública #73RASP,San Cristobal
1158254309043298304,Mama_Polla_,NO DON LO MEJOR DEL MUNDO O SEA WTF Bueno ya tenemos dulce de calabaza gomitas obleas dulce de leche fruta caramelizada y un montón de cosas más jaja (?) Pero ven a Mexico xfas :( ya te dije que conmigo el hospedaje es gratis (?),2019-08-05 05:52:01+00:00,3,0,,San Cristobal
1157742134927269888,iMariocop,Junto a @_tibubulubu estuvimos viendo la mejor opción para pues llegar ya directo a Paris (por fortuna tenemos amigos ahí para hospedaje por qué ya somos mega pobres) Cuando vimos la mejor opción debíamos esperar por que como le dije no teníamos dinero...,2019-08-03 19:56:49+00:00,0,0,,San Cristobal
1157741082802827264,karenhl_,Me gaste en total por 15 días como 65 mil pesos con todo el vuelo hospedaje comida entradas a Torre de Tokio Skytree museos y traslados de tren bala taxi etc más regalitos,2019-08-03 19:52:38+00:00,2,0,,San Cristobal
1157697095865794565,RoyalPedregalDF,¿Requieres #hospedaje al sur de #CDMX? Conoce y reserva en Royal Pedregal Hotel & Convention Center. http://www.hotelesroyal.com.mx #viajeros #vacacionespic.twitter.com/SQvNEdAfT1,2019-08-03 16:57:51+00:00,1,0,#hospedaje #CDMX #viajeros #vacacionespic,San Cristobal
1157687327537242114,Radissonparaiso,Cotiza y reserva con nuestra mejor tarifa desde nuestro sitio web oficial es cómodo seguro y fácil de usar http://www.radisson.com.mx #CDMX #Hospedaje #Vacaciones,2019-08-03 16:19:02+00:00,0,0,#CDMX #Hospedaje #Vacaciones,San Cristobal
1157641227698954240,lalopasquel,El @COM_Mexico pide $40000000.00 para servicios de alimentación hospedaje y atención médica para los atletas que acuden al Centro Deportivo Olímpico Mexicano y @Arturo_SHCP no los otorga papá @lopezobrador_ le pide mil millones para base ball y de inmediato obedece.,2019-08-03 13:15:51+00:00,3,2,,San Cristobal
1157407662058934275,AMPROFEC,¿Ya tienes listo tu hospedaje para el XXII Congreso Internacional AMPROFEC? Si aún no tienes tu reservación APROVECHA EL COSTO PREFERENCIAL que el Hyatt Regency Mérida tiene para ti. http://www.congresoamprofec.org #SoyAmprofec #XXIICongresoAMPROFEC #Hospedaje #HyattRegencypic.twitter.com/aiqj543SAs,2019-08-02 21:47:44+00:00,1,1,#SoyAmprofec #XXIICongresoAMPROFEC #Hospedaje #HyattRegencypic,San Cristobal
1157403985176719360,HotelMallorca1,Disfruta de la comodidad de nuestras opciones de hospedaje en la Ciudad de México. ¡Reserva ahora! http://www.hotelmallorca.mx #HotelMallorca #CDMXpic.twitter.com/cOAiTQspgL,2019-08-02 21:33:08+00:00,0,0,#HotelMallorca #CDMXpic,San Cristobal
1157369348291358720,miguelgp_,Qué tal amigos comuna pregunta realmente sería ¿cuál es la dirección exacta del lugar del festival? Es para efectos de hospedaje viajamos desde la CDMX. Gracias,2019-08-02 19:15:30+00:00,0,0,,San Cristobal
1157344990756048898,AlejandroGarc1a,Oye he tenido la fortuna de conocer algunas ciudades de la región de vacaciones pago hospedaje voy a comer a los mercados y restaurantes me transporto en sus taxis y camiones de casi todo me cobran impuestos y se supone que gente como yo impide el desarollo?...,2019-08-02 17:38:42+00:00,4,0,,San Cristobal
1157313216365678592,Radio_Perdido,Suites flotantes el futuro del hospedaje de lujo. El diseño inspirado en un platillo volador podría revolucionar la industria hotelera mundial. https://www.forbes.com.mx/forbes-life/hoteles-flotantes-el-futuro-del-hospedaje-de-lujo/ …pic.twitter.com/mtkzvkqvjv,2019-08-02 15:32:27+00:00,0,0,,San Cristobal
1157284383604248576,VILLARyBRISOM,2/Agosto/2019.- Se establece ley seca en diversas colonias de la Alcaldía Azcapotzalco; ninguna de ellas aplicará para el consumo al interior de bares restaurantes y establecimientos de hospedaje: pic.twitter.com/lO3DlTBC9i,2019-08-02 13:37:53+00:00,0,0,,San Cristobal
1157156571446730752,Forbes_Mexico,El futuro del hospedaje de lujo está en altamar. Conoce ‘Anthénea’ un hotel en forma de OVNI que promete revolucionar la industria hotelera. Vía @ForbesLifeLatamhttps://enforb.es/2GHDvfz,2019-08-02 05:10:00+00:00,12,11,,San Cristobal
1157096981107564544,ALFONSO_MTZ_AGS,Vente a Aguascalientes te doy hospedaje,2019-08-02 01:13:12+00:00,0,0,,San Cristobal
1157075209427591168,bizarrofm,Van las bandas por día del @TecateCRDNDA  ¿Qué les parece? Recuerda que #BizarroTours cuenta con paquetes de transporte y hospedaje para que te lances a Guadalajara: https://bit.ly/2Kcwh5q pic.twitter.com/xVpt3bQEk4,2019-08-01 23:46:42+00:00,4,0,#BizarroTours,San Cristobal
1157037960551780352,Heldiplomatico,Cotiza sin compromisos y reserva con la mejor tarifa en nuestro sitio web oficial. http://www.eldiplomatico.com.mx #CDMX #Viajeros #Hospedaje pic.twitter.com/82IEID1f9A,2019-08-01 21:18:41+00:00,0,0,#CDMX #Viajeros #Hospedaje,San Cristobal
1156995666738065409,CemefInforma,Casa PAS miembro del Cemefi durante 33 años ha garantizado la educación de 1700 niñas y niños en preescolar y primaria evitando la deserción escolar. Brindan alimentación hospedaje y actividades lúdico recreativas. http://bit.ly/2ZMeGqy #AportesOSCpic.twitter.com/WPMjuiU94I,2019-08-01 18:30:37+00:00,2,0,#AportesOSCpic,San Cristobal
1156975377576648705,Forbes_Mexico,El futuro del hospedaje de lujo está en altamar. Conoce ‘Anthénea’ un hotel en forma de OVNI que promete revolucionar la industria hotelera. Vía @ForbesLifeLatam https://enforb.es/2GHDvfz,2019-08-01 17:10:00+00:00,3,1,,San Cristobal
1156932196978036737,Univ_Destinos,Cuánto dinero tienes que ahorrar para viajar a Tokio. En este presupuesto incluimos boletos de avión hospedaje y recorridos http://eluni.mx/rduaanzaj_ pic.twitter.com/bDmMZnKrzt,2019-08-01 14:18:25+00:00,40,15,,San Cristobal
1156259486530539521,Marichell_77,@PROFECO @interjet cancelo mi vuelo para mañana y no resuelven sobre el hospedaje dicen que solo por teléfono y tengo más de una hora sin que contesten somos muchísimos los usuarios afectados de vuelos a Tampico Culiacán y Mazatlán son solo de los que me di cuenta,2019-07-30 17:45:18+00:00,0,0,,San Cristobal
1156257159669141504,Marichell_77,Y pasas días en el aeropuerto y no te resuelven lo del hospedaje,2019-07-30 17:36:03+00:00,0,0,,San Cristobal
1156065051175817216,ElBohemioPuro69,Exijo el reembolso de mi boleto el pago del hospedaje comidas y lo que se acumule por sus cancelaciones arbitrarias! #interjetNOSIRVE #InterjetDefrauda #HuelgaInterjetpic.twitter.com/QpeCzujLQo,2019-07-30 04:52:41+00:00,3,3,#interjetNOSIRVE #InterjetDefrauda #HuelgaInterjetpic,San Cristobal
1154204527198973952,luisgarza2801,Siempre que quiero salir entre semana como hoy recuerdo que una peda de aquí podría ser equivalente a un hospedaje de mi futuro viaje y se me pasa. Mejor me espero al sábado,2019-07-25 01:39:38+00:00,2,0,,San Cristobal
1152157822995619840,karlakontadora,Recortes dejarán sin hospedaje comida y medicinas a atletas olímpicos https://www.animalpolitico.com/2019/07/recortes-servicios-atletas-olimpicos/ … vía @pajaropolitico,2019-07-19 10:06:45+00:00,0,0,,San Cristobal
1152157748190167041,karlakontadora,Recortes dejarán sin hospedaje comida y medicinas a atletas olímpicos https://www.animalpolitico.com/2019/07/recortes-servicios-atletas-olimpicos/ … vía @pajaropolitico,2019-07-19 10:06:27+00:00,0,0,,San Cristobal
1151945239273332748,AlexiaAvila_,@pugseal aquí cada espacio está lleno de diseño y estilo más que hospedaje es una experiencia conozcamos más hoy a las 7 en #dtodoconalexia por la señal de #elonce . #followthepugseal #alexiaavila… https://www.instagram.com/p/B0Eh55WjWOS/?igshid=aglusknpxgoc …,2019-07-18 20:02:01+00:00,0,0,#dtodoconalexia #elonce #followthepugseal #alexiaavila,San Cristobal
1151822085875892225,ELCOLECTIVOTOUR,Cartel oficial del festival Tecate Comuna ¡Tenemos paquetes disponibles y liquida en abonos! Reserva con $500 viaje boleto y hospedaje. ¡Nos vamos a Puebla! Consulta paquetes por WhatsApp http://ito.mx/Lqiv … https://www.instagram.com/p/B0Dp5v_pxKq/?igshid=1fv7ztp5cnxpn …,2019-07-18 11:52:39+00:00,1,0,,San Cristobal
1151537933188521985,elandrescanalla,Justo le voy a decir que me ayude a armar algo bonito por allá. Total hospedaje ya tengo.,2019-07-17 17:03:32+00:00,1,0,,San Cristobal
1151521958502100993,carlosrudriguez,Sin dinero público el Comité Olímpico Mexicano ya no dará hospedaje alimento y médicos a deportistas https://www.proceso.com.mx/592697/sin-dinero-publico-el-comite-olimpico-mexicano-ya-no-dara-hospedaje-alimento-y-medicos-a-deportistas …,2019-07-17 16:00:03+00:00,0,0,,San Cristobal
1151513918080049154,05Cesgar,NO HAY CASH....... Sin dinero público el Comité Olímpico Mexicano ya no dará hospedaje alimento y médicos a deportistas https://www.proceso.com.mx/592697/sin-dinero-publico-el-comite-olimpico-mexicano-ya-no-dara-hospedaje-alimento-y-medicos-a-deportistas …,2019-07-17 15:28:06+00:00,0,0,,San Cristobal
1151505952115478528,JULIOECHONGYONG,Sin dinero público el Comité Olímpico Mexicano ya no dará hospedaje alimento y médicos a deportistas - Proceso https://www.proceso.com.mx/592697/sin-dinero-publico-el-comite-olimpico-mexicano-ya-no-dara-hospedaje-alimento-y-medicos-a-deportistas …,2019-07-17 14:56:27+00:00,1,0,,San Cristobal
1150065448106414081,chaosxhaikus,Mae era por el estres del hospedaje que tuvimos ayer con el hospedaje que me toco correr como loco y colapse haha....Pero obvio que me quedaria aqui siempre ily,2019-07-13 15:32:24+00:00,1,0,,San Cristobal
1149864771971244033,paffstone666,Acaba de haber una balacera a una cuadra de mi hospedaje hace minutos. Espero que no haya pasado algo muy cabrón. Ahorita los niños ya andan jugando en la misma calle. Padrísimo México por cierto.,2019-07-13 02:14:59+00:00,2,0,,San Cristobal
1149583650914103297,JoseLuisChavezG,Puras mentiras... Ofreció hospedaje no me lo dieron! Equipaje en la banda 5 no existe esa banda! 2:33 am haciéndome pendejo en el Wings esperando el vuelo de las 6:05 am. Ineptitup Ineficiencia Mentirosos Mediocridad Poco profesionales Una basura de servicio pic.twitter.com/3yZlmfJHRl,2019-07-12 07:37:55+00:00,0,0,,San Cristobal
1148954234643202053,Moongama1,Pues mi vuelo de ayer se canceló y nos dieron hospedaje en el hotel Camino Real conocí personas que me cayeron súper bien y nuestra noche/madrugada estuvo divertida. Dios aprieta pero no ahorca...,2019-07-10 13:56:50+00:00,4,0,,San Cristobal
1148744347116081152,Dinorah19121973,Costos excesivospagar para competir yciando son nacionales juntar para pagar hospedaje y comidas cuanto más necesitan apoyo los q compiten internacionalmente y no estar borrando o realizando rifas para representar a Mexico donde queda todo el $$$,2019-07-10 00:02:49+00:00,0,0,,San Cristobal
1148297007074881536,cmexicana,El mejor evento: @OCulinarios + El mejor lugar: @MIHotelPrincess Las Mejores Conferencias en el marco de @ForumImperial No te pierdas la preventa del evento 1-31 de julio con súper precios en hospedaje y entrada a los dos días de #OficiosCulinarios2019pic.twitter.com/abt3cOqjzP,2019-07-08 18:25:15+00:00,4,3,#OficiosCulinarios2019pic,San Cristobal
1147655023393820673,Alexthugslife,Me acabo de ganar un viaje de 3 días y 2 noches a Los Cabos con hospedaje desayuno comida cena y barra libre incluido. Me siento emocionado. #FelizSabado,2019-07-06 23:54:14+00:00,4,0,#FelizSabado,San Cristobal
1146955241969082369,ClaudioPobleteR,El mejor evento: @OCulinarios + El mejor lugar: @MIHotelPrincess Las Mejores Conferencias en el marco de @ForumImperial No te pierdas la preventa del evento 1-31 de julio con súper precios en hospedaje y entrada a los dos días de #OficiosCulinarios2019pic.twitter.com/u32bblXcuZ,2019-07-05 01:33:33+00:00,6,2,#OficiosCulinarios2019pic,San Cristobal
1146093462787362818,jorgealbertole4,Si la policía federal no pagaba ni el hospedaje y en Acapulco algunos hoteles estuvieron a punto de quebrar,2019-07-02 16:29:09+00:00,2,1,,San Cristobal
1143874850668388353,BaRbiEsG,@Iberia cómo solicito mi compensación por el vuelo que cancelaron ayer ?? Yo perdí una noche de hospedaje y un ticket de autobús,2019-06-26 13:33:11+00:00,0,0,,San Cristobal
1143180440502702082,riosperiodista,¡Viaja con RosFeri Tours a Oaxaca 4 días 3 noches! 26 al 29 de julio 2019 Costo $5.500 (cinco mil quinientos pesos por persona) En habitación doble Incluye: Transporte turístico de lujo Hospedaje en hotel… https://www.instagram.com/p/BzGQIxdjfs0/?igshid=12ox2tgg1ks69 …,2019-06-24 15:33:50+00:00,0,0,,San Cristobal
1142227859294969857,JoseCarlosVima,No Patricia si hacemos caso yo también hice comentarios con otros tuiteros sobre el tema de la logística hospedaje q no tenían cuarteles o bases precisamente porq estaba programado el lanzamiento de la GN para el 30/junio pero tuvieron que adelantarse por órdenes de Trump.,2019-06-22 00:28:37+00:00,2,0,,San Cristobal
1141910609212190720,_MarianaE_,En un comunicado la @CONADE informa que ya pagó el hospedaje de la selección mexicana de hockey. https://twitter.com/CONADE/status/1141803794369536000 …,2019-06-21 03:27:59+00:00,0,0,,San Cristobal
1140321206437941248,Ixelth_43,@_CarlosRivera Locuras Riveristas hay miles desde hace XV años pero la última aquí está la evidencia fue que un angelito me compró boleto para verte en el palenque de Aguascalientes si bien no tenía suficiente para el hospedaje logré el viaje de ida y vuelta.... pic.twitter.com/H2d5MCCJ3H,2019-06-16 18:12:16+00:00,0,0,,San Cristobal
1139983169652965376,Ixelth_43,Peroooooooo...... No te dinero para hospedaje así que solo compre mi boleto de ida y vuelta literal solo viaje para esa noche disfrutar de tu voz salí del palenque extasiada y me fui a la central dormí ahí espere el camión de las 6am para regresar.....,2019-06-15 19:49:02+00:00,0,0,,San Cristobal
1139540674615758848,claveriafer,Cierto pero hay leyes migratorias y somos un estado de Derecho .Aunado a que muchos son maras salvatruchas y somos demasiados habs por Km cuadrado .A ver dales hospedaje en tu casa ,2019-06-14 14:30:43+00:00,0,0,,San Cristobal
1138882206041083905,guzmanuveBR,Saquen el hospedaje en MTY hdsm.,2019-06-12 18:54:11+00:00,5,0,,San Cristobal
1137244776053465089,beutelsp,Y lo mismo ofrecerán para mexicanos que no tengan trabajo como hospedaje alimentos cuidado médico y medicinas educación? O solo a los migrantes extranjeros? O sea como mexicano me brinco el muro solicito asilo me regresan a frontera Méx y allí espero contestación?,2019-06-08 06:27:38+00:00,7,1,,San Cristobal
1137235516904972288,krismel2929,¡¡¡Esta autoridad nos esta saliendo muy cara hagamos cuentas: salud educación comida hospedaje transporte a los emigrantes!!! Felicidades Trump ganaste convertirte a México en el muro que ya no tienes que construir...,2019-06-08 05:50:50+00:00,2,1,,San Cristobal
1136996036138950657,MariaisabelMota,Lo barato sale caro. Pagar por espacios de hospedaje baratos no significa tener hotel. La industria turística da un servicio que acompaña el alojamiento. Y los vecinos del Airbnb no somos concierge ni tenemos por qué aguantar que vacacionen en nuestro espacio.,2019-06-07 13:59:14+00:00,0,0,,San Cristobal
1136690042167070720,ARSEE_AC,¿Ya tienes tu reservación para nuestro próximo 12° Congreso de Administración Escolar? Recuerda realizar tus reservas con tiempo ya que hay cupo límite. Descargo el formato para reservación de hospedaje aquí: http://arsee.org.mx/wp-content/uploads/2019/06/Formato-de-Reservacion-individual-ARSEE.pdf …,2019-06-06 17:43:19+00:00,0,0,,San Cristobal
1135061648727785474,emilio6605,Lo bueno es que hay "austeridad republicana" como para pagar tantos días de hospedaje alimentación logística y etc. etc. etc..... Vaya cinismo la de estos sinvergüenzas de cuarta! https://twitter.com/SergioSarmiento/status/1134872770146373640 …,2019-06-02 05:52:40+00:00,1,0,,San Cristobal
1131356378956746752,Lisboa_cumi,Que buen servicio de hospedaje. pic.twitter.com/vZ0iBS9OXK,2019-05-23 00:29:14+00:00,0,0,,San Cristobal
1131056811006676992,Mitche_lle,Recomiendo ampliamente la experiencia de hospedaje con @airbnb Inmejorable de verdad,2019-05-22 04:38:52+00:00,0,0,,San Cristobal
1130828117306560512,perezmarroquin,@asilascosasw @warkentin @jrisco Buen día no se si ya tocaron el tema del cierre d Turissste al margen d la lamentable pérdida d + d mil empleos k pasara con adeudos millonarios k tiene con hoteleros producto del hospedaje d la gendarmería sea x contrato directo o x terceros,2019-05-21 13:30:07+00:00,0,0,,San Cristobal
1129805991158198273,guzmajo6,40% de descuento en Hospedaje WEB https://eusencia http://xn--cvicoi8b-c2a.com/mexico/tu-hospedaje-dot-mx/oferta/40-percent-de-descuento-en-hospedaje-web-1?utm_ca9mpaign=Share-Button&utm_medium=TW&utm_soyurc3e=Civicocívicoi8b.com/mexico/tu-hosp … vía @civicomexico – at SELCA Iluminación,2019-05-18 17:48:33+00:00,0,0,,San Cristobal
1129557046058201088,rafazitle,Tengo ganas de ir también ¿sabes si alguien de por acá irá? Estaría bien organizar una caravana o algo tal vez hasta podemos con partir gastos de hospedaje o transporte allá no sé.,2019-05-18 01:19:20+00:00,0,0,,San Cristobal
1126888501121835008,vasotequedas,Transporte Redondo Corona Capital GDL nos vamos hoy pasando la media noche  opción a hospedaje también INBOX @CoronaCapitalGD #CoronaCapitalGDLpic.twitter.com/8LqAaQP3ib,2019-05-10 16:35:29+00:00,2,0,#CoronaCapitalGDLpic,San Cristobal
1126888428740726786,valdoviaggio,Transporte Redondo Corona Capital GDL nos vamos hoy pasando la media noche  opción a hospedaje también INBOX @CoronaCapitalGD #CoronaCapitalGDLpic.twitter.com/C4OEua67kt,2019-05-10 16:35:12+00:00,1,1,#CoronaCapitalGDLpic,San Cristobal
1126528503237754881,vasotequedas,Transporte redondo al @CCapitalGDL corona Capital Guadalajara desde CDMX últimos espacios con opción a hospedaje y accesos generales salimos viernes pasando la media noche #CoronaCapitalGDL #vasotequedaspic.twitter.com/pEz1s1Kk15,2019-05-09 16:44:59+00:00,2,0,#CoronaCapitalGDL #vasotequedaspic,San Cristobal
1126528033978974209,valdoviaggio,Últimos espacios para @CoronaCapitalGD transporte redondo desde CDMX con opción a hospedaje ! Salimos viernes pasando la media noche también nos sobran 2 accesos generales 1200 #CoronaCapitaGDL INBOX @Vendo_Boletos @Boletos_CDMX_ @VendoBoletosDFpic.twitter.com/A0uE2Gkr2y,2019-05-09 16:43:07+00:00,2,2,#CoronaCapitaGDL,San Cristobal
1126210454416711682,chuloscompany,Saquen coronós yo soy re pedo consumiere mamalon y gastare en el vuelo y hospedaje..,2019-05-08 19:41:10+00:00,0,0,,San Cristobal
1126155259305394176,valdoviaggio,Aún tenemos espacios para el @CoronaCapitalGD transporte redondo desde CDMX con opción a hospedaje también ! INBOX salimos viernes en la noche #CoronaCapitalGDL @Vendo_Boletos @VentaBoletosMx @Boletos_CDMX_pic.twitter.com/cnEAXQQF0H,2019-05-08 16:01:51+00:00,2,2,#CoronaCapitalGDL,San Cristobal
1126154884800290816,vasotequedas,Transporte redondo al @CoronaCapitalGD Salimos el Viernes por la noche regreso Domingo! Info INBOX con opción a hospedaje #CoronaCapitalGDL CDMXpic.twitter.com/5Q9etIHwJI,2019-05-08 16:00:22+00:00,1,0,#CoronaCapitalGDL,San Cristobal
1125526252213948417,valdoviaggio,Recuerden que este sábado iremos al @CoronaCapitalGD Tour incluye: 1 noche de hospedaje transporte redondo Trasladó al evento desayuno y souvenir #CoronaCapitalGuadalajara #vasotequedas #INBOX #RT SALIMOS CDMXpic.twitter.com/cUd6NL9bzs,2019-05-06 22:22:24+00:00,3,1,#CoronaCapitalGuadalajara #vasotequedas #INBOX #RT,San Cristobal
1125526035892768768,vasotequedas,Recuerden que este sábado iremos al @CoronaCapitalGD Tour incluye: 1 noche de hospedaje transporte redondo Trasladó al evento desayuno y souvenir #CoronaCapitalGuadalajara #vasotequedaspic.twitter.com/DTfh77tEOn,2019-05-06 22:21:32+00:00,0,0,#CoronaCapitalGuadalajara #vasotequedaspic,San Cristobal
1159957147591028737,Edyanish2,Maldita sea cuando le cambie de hospedaje carajo,2019-08-09 22:38:29+00:00,0,0,,Isabela
1153827667960926213,MercyFeliciano4,Hola cuando puedas en tu sección de los vídeos sobre tu visita a Corea podrías hacer un vídeo explicando todo  las horas de vuelo  el costo de el pasaje y como hiciste para un hospedaje de confianza,2019-07-24 00:42:07+00:00,0,0,,Isabela
1150877384712867840,faviola3099,Que fuerte es mudarse env este hospedaje me enseño tanto,2019-07-15 21:18:45+00:00,3,0,,Isabela
1144442353555562496,faviola3099,Si alguien sabe de hospedaje en Caguas/Gurabo me dejan saber,2019-06-28 03:08:14+00:00,1,2,,Isabela
1126356298075967488,LuisPirataxs,Y que el VSJ se está convirtiendo en casas de hospedaje! https://twitter.com/lauritafigueroa/status/1126205029055172609 …,2019-05-09 05:20:42+00:00,0,0,,Isabela
1126202533251362816,LuisPirataxs,Pero cuál es la crisis porque recuerdo cuando CYC dijo que había que controlar esto y le cayeron encima que esto traía prosperidad que si esto le daba más valor a las propiedades etc. Se está convirtiendo VSJ en casas de hospedaje? https://twitter.com/jlopezbauza/status/1126149526027370497 …,2019-05-08 19:09:42+00:00,6,3,,Isabela
1125228001657073665,LuisPirataxs,Y convirtiendo a el VSJ en casas de hospedaje corto( los AirBnB; así se escribe?). Y criticaron a la Comandante cuando dijo que esto había que regularlo que afectaría la vida y el mercado inmobiliario en VSJ. https://twitter.com/davidpr2016/status/1125128522337529857 …,2019-05-06 02:37:15+00:00,0,0,,Isabela
1158737041007489024,GcomPublicidad,Registro de Dominios y Hospedaje Web Hosting en Bolivia http://ow.ly/QuJ750vm9ey pic.twitter.com/87dLSu1VQ8,2019-08-06 13:50:13+00:00,0,0,,Santa Cruz
