1144601255253303296,ChrisgLDU,Cabañas #OASIS lo mejor en hospedaje en estas #Vacaciones en #Súa - #Esmeraldas tu #Hotel en #Ecuador y viaja por #transesmeraldas pic.twitter.com/x4oDMcYGgh,2019-06-28 13:39:39+00:00,0,0,#OASIS #Vacaciones #Súa #Esmeraldas #Hotel #Ecuador #transesmeraldas,Atacames
1160264693023420417,Arcsa_Ec,Cuando viajes anticipa tu hospedaje y planifica tu recorrido por tu seguridad y la de tu familia. #ViajaSeguroEcpic.twitter.com/FgFpzHaR5N,2019-08-10 19:00:34+00:00,0,0,#ViajaSeguroEcpic,Eloy Alfaro
1159842516834721792,mariobosqu,Pana los manes iban en una delegación a un evento oficial todo pagado por la Conmebol. Cuando ellos estén en sus días libres y pagándose sus viaticos y hospedaje con su plata están en todo el derecho. Por algo son “profesionales” no futbolistas de barrio o aficionados,2019-08-09 15:02:59+00:00,1,0,,Eloy Alfaro
1159552392934952960,CamaraCanadiens,Aproveche las tarifas preferenciales en hospedaje y salones de Eventos que los Hoteles afiliados con nosotros ofrecen a los #SOCIOSCCECG. Contactos: socios@ecuacangye.com / 04 2630828pic.twitter.com/Qg85nxHBDx,2019-08-08 19:50:08+00:00,0,0,#SOCIOSCCECG,Eloy Alfaro
1159534755039404032,Yo_StoneCold,...hace eso? Y por no invadir ese carril a mi primo lo choco atras un auto fue leve y mas rapido que mandrake llegaron los atm que argumentan? La grua pagar nostros y carisimo el auto al canchon y pagarles el hospedaje 5 estrellas al auto y encima pagar la sancion por el...,2019-08-08 18:40:03+00:00,0,0,,Eloy Alfaro
1158796860745760768,Arcsa_Ec,#ArcsaTeCuida | En #BañosDeAguaSanta y #Guayaquil técnicos de #Arcsa realizan visitas en establecimientos de hospedaje para verificar las condiciones higiénico-sanitarias y el cumplimiento de la normativa vigente. pic.twitter.com/x8SzATmlm9,2019-08-06 17:47:55+00:00,44,89,#ArcsaTeCuida #BañosDeAguaSanta #Guayaquil #Arcsa,Eloy Alfaro
1158782473188384768,ARCSA_CZ8,#ArcsaTeInforma | Socializamos con propietarios y encargados de servicios de hospedaje y turismo sobre las observaciones levantadas durante la inspección. #ArcsaTeCuidapic.twitter.com/ZxrkojzrPL,2019-08-06 16:50:45+00:00,5,10,#ArcsaTeInforma #ArcsaTeCuidapic,Eloy Alfaro
1158775666269216768,ARCSA_CZ8,#ArcsaTeInforma | Verificamos mantenimiento de equipos de lavado de lencería en servicios de hospedaje y turismo en la ciudad de #Guayaquil . #ArcsaTeCuidapic.twitter.com/yoQFARRaYD,2019-08-06 16:23:42+00:00,4,9,#ArcsaTeInforma #Guayaquil #ArcsaTeCuidapic,Eloy Alfaro
1158773870679212033,Arcsa_Ec,#ArcsaTeCuida | Técnicos de #Arcsa realizan operativo de control en establecimientos que ofrecen servicios de hospedaje en #SantaElena y #Crucita previo al feriado.pic.twitter.com/BJU5ICtV5p,2019-08-06 16:16:34+00:00,50,96,#ArcsaTeCuida #Arcsa #SantaElena #Crucita,Eloy Alfaro
1158772538694148097,ARCSA_CZ8,#ArcsaTeInforma | Socializamos con los colaboradores de servicios de hospedaje y turismo la importancia de los procedimientos y registros de limpieza. #ArcsaTeCuidapic.twitter.com/aKnbZWKcEw,2019-08-06 16:11:16+00:00,3,8,#ArcsaTeInforma #ArcsaTeCuidapic,Eloy Alfaro
1158770658215682049,ARCSA_CZ8,#ArcsaTeInforma | Verificamos la limpieza de los utensilios donde se almacenan los alimentos que se sirven en el Buffet de restaurantes en servicios de hospedaje. #ArcsaTeCuidapic.twitter.com/JIERSnhMgz,2019-08-06 16:03:48+00:00,3,8,#ArcsaTeInforma #ArcsaTeCuidapic,Eloy Alfaro
1158764712861011969,ARCSA_CZ8,#ArcsaTeInforma | Personal técnico de #Arcsa y @MinturZonal5 verifican el cumplimiento de la normativa vigente para servicios de hospedaje que funcionan en el centro de #Guayaquil . #ArcsaTeCuidapic.twitter.com/cKgorXTW7V,2019-08-06 15:40:11+00:00,6,12,#ArcsaTeInforma #Arcsa #Guayaquil #ArcsaTeCuidapic,Eloy Alfaro
1158763892614598656,ARCSA_CZ8,#ArcsaTeInforma | Verificamos limpieza e higiene en habitaciones de servicios de hospedaje que funcionan en el centro de la ciudad de #Guayaquil . #ArcsaTeCuidapic.twitter.com/GQzsv6auCd,2019-08-06 15:36:55+00:00,3,10,#ArcsaTeInforma #Guayaquil #ArcsaTeCuidapic,Eloy Alfaro
1158762522746507267,ARCSA_CZ8,#ArcsaTeInforma | Personal técnico de #Arcsa verifica limpieza de estanterías y almacenamiento de materias primas en restaurantes que funcionan dentro de establecimientos de turismo y hospedaje. #ArcsaTeCuidapic.twitter.com/lQPFkYkKRq,2019-08-06 15:31:28+00:00,13,18,#ArcsaTeInforma #Arcsa #ArcsaTeCuidapic,Eloy Alfaro
1158761688138731520,Black1411,Agrego que el año pasado Emelec aparecía en el SRI con una deuda por más de 3 Millones de dólares. Al terminar el año 2018 salía cero deudas. Más pago a empleados del club mantenimiento del estadio gastos por concentración traslados hospedaje alimentación etc etc,2019-08-06 15:28:09+00:00,4,2,,Eloy Alfaro
1158759669709582337,ARCSA_CZ8,#ArcsaTeInforma | En operativo junto a @MinturZonal5 verificamos condiciones higiénicas en servicios de turismo y hospedaje del centro de #Guayaquil. #ArcsaTeCuidapic.twitter.com/HwPl78nZHX,2019-08-06 15:20:08+00:00,7,12,#ArcsaTeInforma #Guayaquil #ArcsaTeCuidapic,Eloy Alfaro
1158188664394047488,DiscoverCIT,A la hora de viajar el principal pensamiento del turista es verificar cual será el destino de su hospedaje. Es importante que un hotel pueda ofrecerte servicios de calidad que sean innovadores y una perfecta… https://www.instagram.com/p/B0w4-eWAxbf/?igshid=o30l0s297y7 …,2019-08-05 01:31:10+00:00,1,0,,Eloy Alfaro
1157340311661809664,CamaraCanadiens,Aproveche las tarifas preferenciales en hospedaje y salones de Eventos que los Hoteles afiliados con nosotros ofrecen a los #SOCIOSCCECG. Contactos: socios@ecuacangye.com / 04 2630828pic.twitter.com/Xq79nDttTW,2019-08-02 17:20:07+00:00,1,0,#SOCIOSCCECG,Eloy Alfaro
1157085618062659584,EcPeloteros,Carlos Córdova en #Peloteros: Ya se está arreglando el tema de hospedaje la movilización todo lo concerniente a Angulo. Aunque faltan definir temas como el salario del jugador,2019-08-02 00:28:03+00:00,0,1,#Peloteros,Eloy Alfaro
1152943395884752899,serviplatinium,HOSPEDAJE EN GUAYAQUIL CASA AMOBLADA POR DÍAS CON PISCINA tf: (+593)0994795665 Cotización y reservas directas TF:0994795665 link en facebook… https://www.instagram.com/p/B0LnztvHxDZ/?igshid=1povj86ljwomq …,2019-07-21 14:08:20+00:00,0,0,,Eloy Alfaro
1151198146640449537,GuanitoursEC,PANAMÁ - CIUDAD •Viaja HASTA 23 de diciembre •3 noches •Desde $629 por persona en hab. triple •Vigencia sujeta a disponibilidad INCLUYE: Ticket aéreo vía COPA AIRLINES Traslados Hospedaje APLICAN… https://www.instagram.com/p/Bz_OKw8lFG7/?igshid=1uhwma3n2x5d …,2019-07-16 18:33:21+00:00,0,0,,Eloy Alfaro
1149780526581944320,GuanitoursEC,SANTIAGO+VIÑA+VALPARAISO! •Desde $396 por persona en hab. triple •4-3 INCLUYE: Traslados Desayunos diarios Tours Hospedaje NO INCLUYE: Boleto aéreo APLICAN… https://www.instagram.com/p/Bz1Jgojgnls/?igshid=rbz9lqikluan …,2019-07-12 20:40:14+00:00,1,0,,Eloy Alfaro
1146832646502326272,serviplatinium,HOSPEDAJE EN GUAYAQUIL CASA AMOBLADA POR DÍAS CON PISCINA tf: (+593)0994795665 Cotización y reservas directas TF:0994795665 link en facebook… https://www.instagram.com/p/BzgM9nBn0vk/?igshid=zvnq6b0ocyoi …,2019-07-04 17:26:24+00:00,2,0,,Eloy Alfaro
1145362705190129664,VALKYRIAMJ,Otro día más de pesca... En Hospedaje del Pacifico!!! Por cierto un lugar recomendado para un fin de semana de descanso en la playa #Tbt #Thinkinbig #AventuraExtrema #playa #Pesca #Caña #carrete #Pacifico… https://www.instagram.com/p/BzVwg-4g2Hz/?igshid=102t4q8afxpvx …,2019-06-30 16:05:23+00:00,0,0,#Tbt #Thinkinbig #AventuraExtrema #playa #Pesca #Caña #carrete #Pacifico,Eloy Alfaro
1143529064554258432,serviplatinium,HOSPEDAJE EN GUAYAQUIL CASA AMOBLADA POR DÍAS CON PISCINA tf: (+593)0994795665 Cotización y reservas directas TF:0994795665 link en facebook… https://www.instagram.com/p/BzIuqr1nWbO/?igshid=mncvjjtqbbv1 …,2019-06-25 14:39:09+00:00,1,0,,Eloy Alfaro
1138508584604426240,serviplatinium,Nueva imagen : hospedaje en Guayaquil  sábanas y toallas importadas 100 % algodón para confort de nuestros clientes  veladores y cabeceras nuevas  renovando para brindarles lo mejor.a su llegada al hospedaje en… https://www.instagram.com/p/BtuqGxXhkM0/?igshid=npwzp79575ap …,2019-06-11 18:09:33+00:00,0,0,,Eloy Alfaro
1138301889840214017,ElChemarcelo_ec,Por el día del Padre !!! Desde este martes 11 de junio hasta el domingo 16 de junio. Haremos un sorteo donde daremos como premio un hospedaje para 2 personas por un fin de semana en hosteriabellavistaplayas con… https://www.instagram.com/p/ByjloQeA_Z-/?igshid=1q797whalzax7 …,2019-06-11 04:28:13+00:00,0,0,,Eloy Alfaro
1134818579482890241,serviplatinium,HOSPEDAJE EN GUAYAQUIL CASA AMOBLADA POR DÍAS CON PISCINA tf: (+593)0994795665 Cotización y reservas directas TF:0994795665 link en facebook… https://www.instagram.com/p/ByK1j1GHZvY/?igshid=3y0xipkphonw …,2019-06-01 13:46:47+00:00,0,0,,Eloy Alfaro
1131583448525631489,DelSolSuites,Hospedaje en apartamentos amoblados. Informes al 0991868228 en Ecuador Guayaquil https://www.instagram.com/p/Bxz2bxwpqL4/?igshid=1dkv5s8wyvg0o …,2019-05-23 15:31:32+00:00,0,0,,Eloy Alfaro
1128698937756532736,DelSolSuites,Hospedaje en apartamentos amoblados en Guayaquil. Informacion al 0991868228 en http://Cdla.la Garzota https://www.instagram.com/p/BxfWtjggQ7T/?utm_source=ig_twitter_share&igshid=11zitfpv5o4y0 …,2019-05-15 16:29:31+00:00,0,0,,Eloy Alfaro
1128344069283958784,serviplatinium,HOSPEDAJE EN GUAYAQUIL CASA AMOBLADA POR DÍAS CON PISCINA tf: (+593)0994795665 Cotización y reservas directas TF:0994795665 link en facebook… https://www.instagram.com/p/Bxc0jI-HbEl/?utm_source=ig_twitter_share&igshid=1op498us3gkx7 …,2019-05-14 16:59:24+00:00,1,0,,Eloy Alfaro
1125554386359521286,serviplatinium,Serviplatinium Rent_A_House Hospedaje Alojamiento En Guayaquil - Guayas - Ecuador Casa Amoblada Guayas vía Samborondon km 10.5 Urbanizacion Marinado'r Park mz 18 Urb. la Marina Samborondón (04) 506-1151 https://maps.app.goo.gl/816xnj2XKN2XMXj8A …,2019-05-07 00:14:12+00:00,0,0,,Eloy Alfaro
1125542568924733440,VALKYRIAMJ,Holiiiiiiii !!!! #AquiCasual mi feriado en Hospedaje del Pacífico el mejor lugar en todo puerto Engabao !!! . . . #PicOfTheDay #LifeStyle #Instagramermood #InstaPick #InstaLike… https://www.instagram.com/p/BxI7W_-FiMV/?utm_source=ig_twitter_share&igshid=r2t0tttketmv …,2019-05-06 23:27:14+00:00,1,0,#AquiCasual #PicOfTheDay #LifeStyle #Instagramermood #InstaPick #InstaLike,Eloy Alfaro
1124482397599223808,DelSolSuites,Hospedaje o alquiler en apartamentos amoblados. Informes al 0991868228 en http://Cdla.la Garzota https://www.instagram.com/p/BxBZQE7gwZ0/?utm_source=ig_twitter_share&igshid=11pq7bdhyvcou …,2019-05-04 01:14:30+00:00,0,0,,Eloy Alfaro
1124006629060632576,serviplatinium,HOSPEDAJE EN GUAYAQUIL CASA AMOBLADA POR DÍAS CON PISCINA tf: (+593)0994795665 Cotización y reservas directas TF:0994795665 link en facebook… https://www.instagram.com/p/Bw-A5E8Bg-N/?utm_source=ig_twitter_share&igshid=1fqf1gfyscw7j …,2019-05-02 17:43:58+00:00,1,0,,Eloy Alfaro
1123013739848978432,mascotayalgomas,ESTE FERIADO TRABAJAMOS NORMALMENTE. Ya nos quedan pocos cupos de hospedaje para sus engreídos. Reservas al Telf.: 0980034935. en Mascotas Y Algo Más https://www.instagram.com/p/Bw29YfrF8vd/?utm_source=ig_twitter_share&igshid=174vou5tsyg0y …,2019-04-29 23:58:34+00:00,0,0,,Eloy Alfaro
1122179508965203968,DelSolSuites,Hospedaje o alquiler en apartamentos amoblados en Guayaquil. Informacion al 0991868228 en http://Cdla.la Garzota https://www.instagram.com/p/BwxCBTUgSxz/?utm_source=ig_twitter_share&igshid=1h4u5soh7vhbi …,2019-04-27 16:43:38+00:00,0,0,,Eloy Alfaro
1121034409056956417,mascotayalgomas,Keiky ya de regreso a casa luego de 15 días dr hospedaje. en Mascotas Y Algo Más https://www.instagram.com/p/Bwo5SiBlW1A/?utm_source=ig_twitter_share&igshid=1n8b84vyu2ewk …,2019-04-24 12:53:25+00:00,0,0,,Eloy Alfaro
1148333012796547073,PuntaPacificoOK,PUNTA PACÍFICO BUNGALOWjS MÁNCORA - Lunes 8 de Julio del 2019 - 14:00" hrs. Un resúmen de nuestro Hospedaje con cerca de 29 grados centígrados a pesar de estar en invierno. Nuestra Página Web:… https://www.instagram.com/p/Bzq2IaRHumJ/?igshid=g9eyn8a3rf6f …,2019-07-08 20:48:19+00:00,0,0,,El Guabo
1146485351403401217,PuntaPacificoOK,Máncora. Perú hoy miércoles 3 julio 2019 a las 06:30hrs. Se ve ya claro y sol radiante a pesar de estar en invierno. Se observa el acceso a la playa. Nuestro Hospedaje entrando a la mano izquierda. Buena época para… https://www.instagram.com/p/Bzdrr-enA-W/?igshid=1gwf90lcxuy1r …,2019-07-03 18:26:23+00:00,0,0,,El Guabo
1146484994212319232,PuntaPacificoOK,Máncora. Perú hoy miércoles 3 julio 2019 a las 06:30hrs. Se ve ya claro y sol radiante a pesar de estar en invierno. Se observa el acceso a la playa. Nuestro Hospedaje entrando a la mano izquierda. Buena época para… https://www.instagram.com/p/Bzdrr-enA-W/?igshid=rq91r4orppes …,2019-07-03 18:24:57+00:00,0,0,,El Guabo
1146484876104937473,PuntaPacificoOK,Máncora. Perú hoy miércoles 3 julio 2019 a las 06:30hrs. Se ve ya claro y sol radiante a pesar de estar en invierno. Se observa el acceso a la playa. Nuestro Hospedaje entrando a la mano izquierda. Buena época para… https://www.instagram.com/p/Bzdrr-enA-W/?igshid=1329v043lq43e …,2019-07-03 18:24:29+00:00,0,0,,El Guabo
1146484532679495682,PuntaPacificoOK,Máncora. Perú hoy miércoles 3 julio 2019 a las 06:30hrs. Se ve ya claro y sol radiante a pesar de estar en invierno. Se observa el acceso a la playa. Nuestro Hospedaje entrando a la mano izquierda. Buena época para… https://www.instagram.com/p/Bzdrr-enA-W/?igshid=gmcoc0cjljwy …,2019-07-03 18:23:07+00:00,0,0,,El Guabo
1146481152364093442,PuntaPacificoOK,Máncora. Perú hoy miércoles 3 julio 2019 a las 06:30hrs. Se ve ya claro y sol radiante a pesar de estar en invierno. Se observa el acceso a la playa. Nuestro Hospedaje entrando a la mano izquierda. Buena época para… https://www.instagram.com/p/Bzdrr-enA-W/?igshid=we2e2mtsvxd4 …,2019-07-03 18:09:41+00:00,0,0,,El Guabo
1129066641768308739,gabyele10,Que me late que solo se lo han llevado a pasar sus últimos días de hospedaje en ese lugar ojalá sea eso y que no esté grave el trujillo,2019-05-16 16:50:39+00:00,0,0,,El Guabo
1127432399606829059,galitomiranda,en Hospedaje Sol De Mancora https://www.instagram.com/p/BxWWwWdnyC4ap9U1XIGx-26MgzxZS-eL_KuyVc0/?utm_source=ig_twitter_share&igshid=1nodsfjg5amsr …,2019-05-12 04:36:45+00:00,0,0,,El Guabo
1124680695962533889,MinturZonal7,Cuando viajes anticipa tu hospedaje y planifica tu recorrido por tu seguridad y la de tu familia. #ViajaSeguroECpic.twitter.com/QatQi9jOra,2019-05-04 14:22:28+00:00,1,2,#ViajaSeguroECpic,El Guabo
1160185098916040704,carturoleon,Te faltó decir viajar 6 8 12 horas por tierra sin hospedaje a duras penas algo de comer y directo al partido(hablo de las categorías menores) ni el agua muchas de las veces después de los entrenamientos y con 3 balones para todo el equipo y hecho huevo.,2019-08-10 13:44:17+00:00,1,0,,Huaquillas
1155548709502869504,EvosMusic,#tbs hace unos años atrás con @japylora unos panas todo bien buen recuerdo en D'Camus Casa Hospedaje https://www.instagram.com/p/B0eIkuxn1LY/?igshid=1gmtdap4mfssj …,2019-07-28 18:40:56+00:00,0,0,#tbs,Huaquillas
1122688531611176965,rspolito,El muchacho estaba todo sucio se notaba que lo habían drogado para robarlo le ofrecí comida y hospedaje pero no quiso estaba desorientado y desconfiaba me puse en contacto con la familia y pudieron hablar con el,2019-04-29 02:26:19+00:00,1,0,,Huaquillas
1124535048198344704,MinturZonal6,Cuando viajes anticipa tu hospedaje y planifica tu recorrido por tu seguridad y la de tu familia. #ViajaSeguroECpic.twitter.com/UaGVPBgl0I,2019-05-04 04:43:42+00:00,0,0,#ViajaSeguroECpic,Machala
1158944847585316864,Alexrivaden1895,Alguien que me preste una cuenta Paypal yo me encargo de que depositarle y descuenten mi dinero? La mía se pudrió por intentar reservar tickets aéreos y necesito pagar hospedaje mas otros gastos :(,2019-08-07 03:35:58+00:00,0,0,,Alfredo Baquerizo Moreno
1159960152012939269,CooperativaJEP,En este feriado paga tus consumos de gastronomía viajes hospedaje y mucho más con #TarjetasJEP. Aprovecha los descuentos y promociones exclusivas.,2019-08-09 22:50:25+00:00,8,1,#TarjetasJEP,Balao
1159602049148948481,CooperativaJEP,En tus #VacacionesAlMáximo disfruta de promociones y descuentos exclusivos en hospedaje y estadía con #TarjetasJEP. Más información http://bit.ly/2YvofJo pic.twitter.com/sl9qeoZQqp,2019-08-08 23:07:27+00:00,4,0,#VacacionesAlMáximo #TarjetasJEP,Balao
1158375712233021446,peluditoscuenc,Tenemos en hospedaje un gigante llamado #Chaplin es del mismo tamaño que #Dilan pero de una ternura y amor únicos #CasaDeLosPeluditos … https://www.instagram.com/p/B0yOJXWpHWy/?igshid=1etw7zcgst5gc …,2019-08-05 13:54:26+00:00,1,1,#Chaplin #Dilan #CasaDeLosPeluditos,Balao
1132859665686192129,patoedg,Lo imperativo de q exista regulacion y control a este tipo de hospedaje q garantice seguridad a quien lo utilice @fenacapturec @TurismoEc @Captur_Azuay @TurismoCuencaEChttps://elcomercio.pe/mundo/latinoamerica/muerte-brasilenos-intoxicados-chile-plantea-dudas-airbnb-noticia-638145 …,2019-05-27 04:02:46+00:00,5,2,,Balao
1125740392396333056,patoedg,Siguen en otros países problemas con @arbnb q auspicia la informalidad lo q se debe hacer es formalizar a quienes ofrecen hospedaje por estas plataformas virtuales @fenacapturec @TurismoEc @tomebambahttps://www.cnnchile.com/economia/airbnb-arriendo-departamento-las-condes_20190321/ …,2019-05-07 12:33:19+00:00,5,4,,Balao
1125186772277895168,llerenagilces28,Quinta San Martin gracias por el excelente hospedaje. #HermosoLugarpic.twitter.com/LfbB8eLJfa,2019-05-05 23:53:26+00:00,2,1,#HermosoLugarpic,Balao
1159843505604157445,PUNTAHILLS,Empezó el Feriado ... Y Montañita lo sabe ... . Ofrecemos : Desayunos Buffet $3 Almuerzos $5 Cenas & Show $7 . Uso de todas las instalaciones $5 . Hospedaje : Habitaciones Grupales $15/17 pp Matrimoniales… https://www.instagram.com/p/B08pnfZH0Hx/?igshid=1r0ao55u8yct0 …,2019-08-09 15:06:55+00:00,0,0,,Daule
1158555800832479232,PUNTAHILLS,Este Viernes 9 de Agosto los esperamos .. . Hospedaje aún disponible . groove_uio Club en Escena con todos sus Djs .. . De 12 a 12 de la noche .. . #puntahillshotel #puntahillsparty #poolparty #music #electronic… https://www.instagram.com/p/B0zgCoQHpE0/?igshid=18ezbmsr2f9v4 …,2019-08-06 01:50:02+00:00,0,0,#puntahillshotel #puntahillsparty #poolparty #music #electronic,Daule
1158088653370994688,torkixs,Bajense al app de Selina Lifestyle y suscribanse con este código para ganar 1000 tokens solo hoy que podrán intercambiar por productos en cualquier #Selina del mundo hospedaje comidas bebidas y descuentos... Go… https://www.instagram.com/p/B0wLm2HHuqM/?igshid=6j85smnln4vk …,2019-08-04 18:53:45+00:00,0,0,#Selina,Daule
1155984004618706945,PUNTAHILLS,Promoción este fin de semana en Matrimoniales en Hotel Punta Hills . . Reserva: Hospedaje / Desayuno Buffet/ Cena especial & show . Información: 0991776618 . #montañita #romantico #matrimonial #suiteveranera… https://www.instagram.com/p/B0hOhJ7nk1w/?igshid=i9w2osctazd …,2019-07-29 23:30:38+00:00,0,0,#montañita #romantico #matrimonial #suiteveranera,Daule
1155125227434729472,PUNTAHILLS,Hospedaje Disponible para Hoy Sábado en Hills .. . Reserva al 0992169613 / 0991776618 . Recuerda con nuestra Pulsera entras Gratis a pocolocomontanita . #montañita #puntahillshotel #sabado #fiestasjulianas… https://www.instagram.com/p/B0bH_jNHLRA/?igshid=sfozv18eg1ut …,2019-07-27 14:38:10+00:00,0,0,#montañita #puntahillshotel #sabado #fiestasjulianas,Daule
1154495846467002368,PUNTAHILLS,Sorpresas en Punta Hills & @lostbeachclub ... Nuestra Pulsera te hace entrar GRATIS ESTE VIERNES 26 .. Y HappyHour hasta las 1:00 am ... . Hospedaje en Hills desde $11.00 en cabañas y $15 las grupales .. . Ahiiii… https://www.instagram.com/p/B0WpyHwnkse/?igshid=d6zcbj1ir92l …,2019-07-25 20:57:13+00:00,0,0,,Daule
1154447509181358082,PUNTAHILLS,Simplemente Punta Hills ... . Reserva Hospedaje & Tours Al 0991776618 / 0992169613 . #montañita #puntahillshotel #hotel #tours #rutadelspondylus #julio #agosto #promocion en Montañita Ecuador https://www.instagram.com/p/B0WTzTvHIQj/?igshid=8k4ufqf8e79d …,2019-07-25 17:45:09+00:00,0,0,#montañita #puntahillshotel #hotel #tours #rutadelspondylus #julio #agosto #promocion,Daule
1154132843364278272,PUNTAHILLS,Hospedaje - Shows - Cumpleaños - Cenas - Tours ... Y mucha diversión te espera este fin de semana en Montañita .. . Reserva al 0991776618 . Hospedajes en Grupales desde $15.00 x persona . #puntahillshotel… https://www.instagram.com/p/B0UEtdknH5_/?igshid=krf9vdv278m7 …,2019-07-24 20:54:47+00:00,0,0,#puntahillshotel,Daule
1153877462872449024,PUNTAHILLS,Todo en un solo lugar en este Feriado.. . Reserva Hospedaje - Tours Al 0991776618 . #apartamento #habitación #suite #puntahillshotel #montañita #rutadelspondylus en Punta Hills Montanita https://www.instagram.com/p/B0SQksSnwLn/?igshid=10orfc3huz9es …,2019-07-24 03:59:59+00:00,0,0,#apartamento #habitación #suite #puntahillshotel #montañita #rutadelspondylus,Daule
1152689073817116673,PUNTAHILLS,Es increíble cuando encuentras tu lugar favorito ... . Reserva Hospedaje y Tours al 0991776618 . #montañita #puntahillsparadise #hotel #sabado #concierto #promocion #cocteles en Punta Hills Montanita https://www.instagram.com/p/B0J0KI_ngFG/?igshid=tx5ngg18a6k …,2019-07-20 21:17:45+00:00,0,0,#montañita #puntahillsparadise #hotel #sabado #concierto #promocion #cocteles,Daule
1151872812283379714,PUNTAHILLS,El año se va Volando ... . Fiestas de Navidad y Fin de Año .. Ofrecemos : Hospedaje Desayunos Buffet Cenas especiales Show y Música en Vivo . Reserva anticipadamente y gánate un buen Descuento . Información:… https://www.instagram.com/p/B0EA95znHw2/?igshid=ertipqi8z716 …,2019-07-18 15:14:13+00:00,0,0,,Daule
1151539595806433280,PUNTAHILLS,El Verano está aquí ... Y MONTAÑITA te espera . Pack 3 Días y 2 Noches Hospedaje (grupales) Desayunos Concierto Fiesta Uso de todas las instalaciones Valor $28.00 x persona ( $14 x persona la noche )… https://www.instagram.com/p/B0Bpb61Hxhw/?igshid=nqgtneh1vmvs …,2019-07-17 17:10:08+00:00,0,0,,Daule
1151130490524430336,PUNTAHILLS,Hotel en Montañita - Ecuador .. . Pack Estudiantil para 20 personas en Adelante 3Dias y 2 Noches : Incluye: Hospedaje en Grupales Privadas Desayunos Concierto y Fiesta en el Hotel Uso de todas las… https://www.instagram.com/p/Bz-utjOHCTY/?igshid=11f6oan1fah77 …,2019-07-16 14:04:30+00:00,1,1,,Daule
1151127025375166464,PUNTAHILLS,Promociones en Punta Hills este mes de Julio : 2 días 1 Noche Suites : Veranera $66 Cielo $85 Penthouse con Jacuzzi $120 . Te incluimos : Hospedaje Desayuno Buffet Cena Romántica Cóctel de bienvenida Concierto… https://www.instagram.com/p/Bz-t0ajHtwZ/?igshid=7vikc3mut3vu …,2019-07-16 13:50:44+00:00,0,0,,Daule
1149290834610667525,PUNTAHILLS,Te llevamos a conocer La Ruta y sus maravillas ... . Hospedaje y Tours . Reserva al 0991776618 . #montañita #puntahillshotel #rutadelspondylus #hotel en Punta Hills Montanita https://www.instagram.com/p/Bzxqo2FHHxT/?igshid=8usuqx06b4om …,2019-07-11 12:14:22+00:00,0,0,#montañita #puntahillshotel #rutadelspondylus #hotel,Daule
1149019668402884611,PUNTAHILLS,Vive Ecuador ... Con los mejores ... Hotel Punta Hills Montañita ... Tours en la Ruta del Sol .. . Reserva al 0991776618 . Hospedaje Habitacion Grupal $15 pp Matrimonial $50 pareja Suites $75 pareja . #montañita… https://www.instagram.com/p/BzvvgVgnx4r/?igshid=1u8xyxuiusmbn …,2019-07-10 18:16:51+00:00,0,0,#montañita,Daule
1148655241081978880,PUNTAHILLS,4 Suites Cielos Dobles y Matrimoniales Con balcón y Hamaca Vista al mar y Montañas Tv cable y Baño privado Wifi . Las mejores de Hills . Reserva al 0991776618 . Promoción: Hospedaje pareja Desayunos Cenas… https://www.instagram.com/p/BztJyCmHaOa/?igshid=ce7zt6kb4oej …,2019-07-09 18:08:45+00:00,1,1,,Daule
1147674629177323520,PUNTAHILLS,PROMOCIÓN para Colegio y Universidades Este Mes de Julio y Agosto. Pack Estudiantil: 3 Días 2 Noches Hospedaje Desayuno Tour a Ballenas Fiesta Opción: Almuerzo o Cena . Reserva : 0991776618 . #montañita… https://www.instagram.com/p/BzmLcSUHTUt/?igshid=nhl2nzz7bu1v …,2019-07-07 01:12:09+00:00,1,1,#montañita,Daule
1146139426558373888,PUNTAHILLS,Hotel Punta Hills Montañita Julio - Pack Love 2 días 1 Noche Hospedaje Cena Romántica Tour a las Ballenas Desayuno Buffet Precios : Suite Veranera $120 Suite Cielo $150 Penthouse $200 . Reserva al… https://www.instagram.com/p/BzbRucynSX2/?igshid=x07s3oobgs4g …,2019-07-02 19:31:48+00:00,0,0,,Daule
1146130447644028928,PUNTAHILLS,Julio y el Verano en Montañita & La Ruta del Sol ... muchas aventuras nuevas . Reserva Hospedaje y Tours al 0991776618 . #puntahillsmontanita #hotel #travel #tripadvisor #tours en Punta Hills Montanita https://www.instagram.com/p/BzbNou0HwDz/?igshid=1g3d62gb9errg …,2019-07-02 18:56:07+00:00,0,0,#puntahillsmontanita #hotel #travel #tripadvisor #tours,Daule
1145007424564334593,PUNTAHILLS,Atrévete a Soñar ... Especial del Columpio de los Deseos.. Tour en bote a las Ballenas $25.00 x persona . Hospedaje en Grupales desde $15 x pp incluido desayuno . Reserva al 0991776618 / 0992169613… https://www.instagram.com/p/BzTO8s-H5mg/?igshid=bwe4zubju7ye …,2019-06-29 16:33:37+00:00,0,0,,Daule
1144008000610414592,PUNTAHILLS,Montañita & La Ruta del Sol ... Viviiilaaaa en Hills . . Reserva Hospedaje Tours & Fiestas al 0991776618 . #puntahillsmontanita #hotel #tours #beachtime #rutadelspondylus #surf en Punta Hills Montanita https://www.instagram.com/p/BzMIdqsHu3Z/?igshid=zk3l25upbe2p …,2019-06-26 22:22:16+00:00,0,0,#puntahillsmontanita #hotel #tours #beachtime #rutadelspondylus #surf,Daule
1143515346831384583,PUNTAHILLS,Tus Vacaciones Soñadas ... Pack Vacacional 3 Días 2 Noches Hospedaje Tour ruta del sol Clase de Surf Concierto el sábado Fiesta en la Noche Valor x Persona $55.00 (+5 personas ) . Reserva al… https://www.instagram.com/p/BzIobfRHKwG/?igshid=1cx3v4jvwddnk …,2019-06-25 13:44:38+00:00,0,0,,Daule
1143150336422621185,PUNTAHILLS,Momentos ... #befree #behills ... . Reserva Hospedaje - Tours - Fiesta - Cenas al 0991776618 . #puntahillsmontanita #hotel #magicplace #montañita #beachtime #ecuador en Punta Hills Montanita https://www.instagram.com/p/BzGCcOpn5vG/?igshid=15upcvka8o4bs …,2019-06-24 13:34:13+00:00,1,2,#befree #behills #puntahillsmontanita #hotel #magicplace #montañita #beachtime #ecuador,Daule
1141878618144018433,PUNTAHILLS,Y sal de GuayaKill un rato ... Ven y aprovecha la Promo de Hills .. 2 Días y 1 Noche Hospedaje DESAYUNO INCLUIDO Tour de Ballenas En Habitaciones : 5 a más Personas $42.00 pp En dobles $60.00 pp Reserva al… https://www.instagram.com/p/By9AIb-Hv1f/?igshid=146j0rw3lud10 …,2019-06-21 01:20:52+00:00,1,1,,Daule
1141783071215292417,PUNTAHILLS,LLEGARON LAS BALLENAS! Convierte tus vacaciones en una experiencia MEMORABLE  . Buscas aventura en lugares mágicos? . . TENEMOS LO QUE NECESITAS! . . Comodidad en el hospedaje con desayuno buffett y.. VISTA AL… https://www.instagram.com/p/By8Urrcn0m2/?igshid=c08etomyf8d8 …,2019-06-20 19:01:12+00:00,0,0,,Daule
1140628640834707456,PUNTAHILLS,Este Verano vivilo en Hills . . Hospedaje - Tours - Fiestas . Reserva al 0991776618 . #puntahillsmontanita #hotel #beachtime #tours #rutadelspondylus #verano #ecuador en Montañita Ecuador https://www.instagram.com/p/By0HtYSH4L_/?igshid=ok0b9jrun043 …,2019-06-17 14:33:54+00:00,0,0,#puntahillsmontanita #hotel #beachtime #tours #rutadelspondylus #verano #ecuador,Daule
1139898196161777664,PUNTAHILLS,DÍA DEL PADRE en Hills .. Hospedaje - Cenas Reserva y Disfruta de este día con nosotros . Recepción: 0991776618 . #puntahillsmontanita #montañita #Love #díadelpadre #sabado #junio en Punta Hills Montanita https://www.instagram.com/p/Byu7iUCnUgg/?igshid=2zip6m7dvpcn …,2019-06-15 14:11:22+00:00,0,0,#puntahillsmontanita #montañita #Love #díadelpadre #sabado #junio,Daule
1138413954101850112,PUNTAHILLS,PROMOCION este Fin de Semana Por el Día del PADRE Habitaciones Grupales con vista al Mar (4 personas o más ) 3 Días 2 Noches ^Hospedaje Desayuno Concierto de Reggae Valor $25 x persona total . 2 Días 1 Noche ^… https://www.instagram.com/p/BykYlaInFvV/?igshid=owo8a13e6wlp …,2019-06-11 11:53:32+00:00,0,0,,Daule
1138289114539798528,PUNTAHILLS,Matrinomios Hospedaje  recepción  comidas coctelería  Shows y Banda de música .. Personal de respaldo y arreglos adicionales . Información: 0991776618 . Celébralo en Hills . #montañita #wedding… https://www.instagram.com/p/Byjf0GLnKJv/?igshid=ubi81uzo5l11 …,2019-06-11 03:37:27+00:00,0,0,#montañita #wedding,Daule
1137766709526433792,PUNTAHILLS,Simplemente Punta Hills Montañita.. . Reserva al 0991776618 Hospedaje Tours Fiesta Show y cenas . #puntahillsmontanita #hotel #tours #fiesta #bestplacestogo #montañita #ecuador en Montañita Ecuador https://www.instagram.com/p/ByfyQOEH2_S/?igshid=120slm0fj6jz7 …,2019-06-09 17:01:36+00:00,0,0,#puntahillsmontanita #hotel #tours #fiesta #bestplacestogo #montañita #ecuador,Daule
1137045885806817280,PUNTAHILLS,Las mejores Vacaciones en Montañita .. Pack Estudiantil - Hospedaje (grupales) - Desayunos - Almuerzos y Cenas - Tours y Actividades - Fiesta Capacidad 120 Personas . Reserva al 0991776618 . #beachtime… https://www.instagram.com/p/ByaqdTrhV5n/?igshid=xh6wacucfzff …,2019-06-07 17:17:19+00:00,0,0,#beachtime,Daule
1133113663693479937,PUNTAHILLS,Celébralo en Hills .. Promoción Cumpleaños Incluye : Hospedaje ( 6-12 personas ) Desayuno Fiesta Torta de cumple Cóctel Valor x Persona $19.00 . Promoción Parejas Hospedaje Desayuno y Cena . . Reserva… https://www.instagram.com/p/Bx-uSw5HT2s/?igshid=gmwcurq5ur4e …,2019-05-27 20:52:04+00:00,0,1,,Daule
1132862024470355968,PUNTAHILLS,The Whales are coming ... Pack Aventura x Pareja 3 días 2 Noches Hospedaje Desayunos Cena Show Tour de Ballenas Concierto de Reggae el Sábado . . Vive toda la Experiencia Hills . Reserva al 0991776618… https://www.instagram.com/p/Bx873BhHZSh/?igshid=cay04hpjt35i …,2019-05-27 04:12:08+00:00,1,0,,Daule
1131203762364866560,PUNTAHILLS,Todo te ofrecemos en Hills ... Hospedaje Fiesta Concierto y Djs Tours en la Ruta . . Reserva al 0991776618 / 0992169613 . . #Feriado #mayo #montañita #hotel #diversión #puntahillsparadise #beach #concierto… https://www.instagram.com/p/BxxJxXXH8Wz/?igshid=zh3mkjej8qoo …,2019-05-22 14:22:48+00:00,0,0,#Feriado #mayo #montañita #hotel #diversión #puntahillsparadise #beach #concierto,Daule
1130845916288626689,PUNTAHILLS,El Sol sigue en La Ruta del Sol .. Y los #puntahillstours están increíbles.. Reserva este Feriado Hospedaje y Tours .. Información: 0991776618 / 0992169613 . . . #montañita #sunset #turismo #hothothot… https://www.instagram.com/p/BxunCg4nZB7/?igshid=1srpzwj9huahh …,2019-05-21 14:40:51+00:00,0,0,#puntahillstours #montañita #sunset #turismo #hothothot,Daule
1129555788345860097,PUNTAHILLS,Montañita y sus maravillas ... Descúbrela con nosotros .. Hospedaje - Tours - Fiestas ... Reserva al 0991776618 . . . #beautifuldestinations #puntahillsparadise #montañita #hotel #mayo #bluesky #music en Punta… https://www.instagram.com/p/BxlcW5oH8fG/?igshid=smqajrxtzttm …,2019-05-18 01:14:20+00:00,0,0,#beautifuldestinations #puntahillsparadise #montañita #hotel #mayo #bluesky #music,Daule
1127928507785334789,PUNTAHILLS,Montañita ... Habitaciones Libres este Fds ... Mantenemos la Promoción del Cumpleaños ... Hospedaje  Fiesta  Cóctel y Torta ... Reserva al 0991776618 #puntahillsparadise #hotel… https://www.instagram.com/p/BxZ4Wt4nmWT/?utm_source=ig_twitter_share&igshid=nn6ew45ca10i …,2019-05-13 13:28:06+00:00,0,0,#puntahillsparadise #hotel,Daule
1126923762694217728,PUNTAHILLS,Por que la mami se merece unas vacaciones .... Ven a Punta Hills ... Pack Hospedaje Deaayuno y Cena incluida ... Reserva al 0991776618 #diadelamadre2019 #vistaalmar #montañita #hotel… https://www.instagram.com/p/BxSvc6jnUlQ/?utm_source=ig_twitter_share&igshid=14zizibtoqf7 …,2019-05-10 18:55:36+00:00,0,0,#diadelamadre2019 #vistaalmar #montañita #hotel,Daule
1159843367376658432,Ave_Fenix_200,Siiii...linda...no muy grande...con cabañita aparte para que sirva para hospedaje de migrantes por un tiempo... un sueño...que se te haga realidad...,2019-08-09 15:06:22+00:00,1,0,,El Empalme
1156618635177267205,PanaTVec,1/2 AÚN TENEMOS CUPOS 73 y 4 de Agosto Chanduy Santa Elena Desde los 8 años adolescentes y jóvenes COSTO: $1900 (Incluye Hospedaje y alimentación) SI ERES MENOR DE EDAD: Solo necesitamos una autorización firmada por padres de familia. pic.twitter.com/R5d6CDT2Il,2019-07-31 17:32:26+00:00,3,1,,El Triunfo
1154219482593804288,hostelnucapacha,Si tenemos vacantes si. Sino podemos hacer un intercambio con hospedaje,2019-07-25 02:39:03+00:00,0,0,,Naranjal
1153028070217080832,serviplatinium,Serviplatinium Rent_A_House Hospedaje Alojamiento En Guayaquil - Guayas - Ecuador Casa Amoblada Guayas vía Samborondon km 10.5 Urbanizacion Marinado'r Park mz 18 Urb. la Marina Samborondón (04) 506-1151 https://maps.google.com/?cid=18390680761085800221 …,2019-07-21 19:44:48+00:00,0,0,,Naranjal
1152773687461986304,serviplatinium,Hospedaje en Guayaquil #hospedajeenguayaquilhttps://abnb.me/44A8YNw5oY,2019-07-21 02:53:59+00:00,0,0,#hospedajeenguayaquilhttps,Naranjal
1151988596062035971,serviplatinium,Hospedaje en Guayaquil https://abnb.me/Br2V9aqWdY,2019-07-18 22:54:18+00:00,0,0,,Naranjal
1151712717574721542,after_my,#TweetSerio. Estoy buscando a alguien que este alquilando y este dispuesta en compartir hospedaje... #Guayaquil,2019-07-18 04:38:04+00:00,0,0,#TweetSerio #Guayaquil,Naranjal
1151566711155503105,serviplatinium,Hospedaje en Guayaquil reservas al tf : 0994795665 https://abnb.me/44A8YNw5oY,2019-07-17 18:57:53+00:00,0,0,,Naranjal
1150032245962543105,Walterick,Se les quite el plan celular y hospedaje y que lo paguen con su sueldo como cualquier ciudadano ecuatoriano.,2019-07-13 13:20:28+00:00,1,0,,Naranjal
1149132781651484675,serviplatinium,Hospedaje en Guayaquil https://abnb.me/Br2V9aqWdY,2019-07-11 01:46:19+00:00,0,0,,Naranjal
1149117370297933824,oswaldob26,Además reciben como $150 diarios de viáticos cuando tienen hospedaje alimentación e implementos.,2019-07-11 00:45:05+00:00,0,0,,Naranjal
1146796612087373824,serviplatinium,Serviplatinium Rent_A_House Hospedaje Alojamiento En Guayaquil - Guayas - Ecuador Casa Amoblada Guayas vía Samborondon km 10.5 Urbanizacion Marinado'r Park mz 18 Urb. la Marina Samborondón (04) 506-1151 https://maps.app.goo.gl/816xnj2XKN2XMXj8A …,2019-07-04 15:03:13+00:00,1,0,,Naranjal
1145732997674610688,serviplatinium,Hospedaje en Guayaquil https://abnb.me/lJ7UAE0mYX,2019-07-01 16:36:47+00:00,1,0,,Naranjal
1143921582685007872,serviplatinium,Serviplatinium Rent_A_House Hospedaje Alojamiento En Guayaquil - Guayas - Ecuador Casa Amoblada Guayas vía Samborondon km 10.5 Urbanizacion Marinado'r Park mz 18 Urb. la Marina Samborondón (04) 506-1151 https://maps.app.goo.gl/816xnj2XKN2XMXj8A …,2019-06-26 16:38:53+00:00,1,0,,Naranjal
1142799613939855361,serviplatinium,Hospedaje en Guayaquil https://abnb.me/pdTwUnBzIX,2019-06-23 14:20:34+00:00,1,0,,Naranjal
1142283916679831552,serviplatinium,Hospedaje en Guayaquil reservas aqui https://abnb.me/pdTwUnBzIX,2019-06-22 04:11:23+00:00,1,0,,Naranjal
1139958919000989696,serviplatinium,Serviplatinium Rent_A_House Hospedaje Alojamiento En Guayaquil - Guayas - Ecuador Casa Amoblada Guayas vía Samborondon km 10.5 Urbanizacion Marinado'r Park mz 18 Urb. la Marina Samborondón (04) 506-1151 https://maps.app.goo.gl/816xnj2XKN2XMXj8A …,2019-06-15 18:12:40+00:00,1,0,,Naranjal
1137920539157323776,serviplatinium,Serviplatinium Rent_A_House Hospedaje Alojamiento En Guayaquil - Guayas - Ecuador Casa Amoblada Guayas vía Samborondon km 10.5 Urbanizacion Marinado'r Park mz 18 Urb. la Marina Samborondón (04) 506-1151 https://maps.app.goo.gl/816xnj2XKN2XMXj8A …,2019-06-10 03:12:52+00:00,1,0,,Naranjal
1137033401851158528,serviplatinium,Hospedaje en Guayaquil tf : +593-994795665 #hospedajeenguayaquil #hospedaje https://abnb.me/1oUkktAwkX,2019-06-07 16:27:42+00:00,0,0,#hospedajeenguayaquil #hospedaje,Naranjal
1132742594956541953,GLOSS_193,Esperemos que esto si suceda y estas personas puedan ayudar a otras ARMY’s que necesitan hospedaje pero primero @BigHitEnt ya confirma más fechas @BTS_twthttps://twitter.com/1Chimin/status/1132453251033509888 …,2019-05-26 20:17:34+00:00,3,1,,Naranjal
1130307720614174720,serviplatinium,Hospedaje en Guayaquil https://abnb.me/x2ywb5PIPW,2019-05-20 03:02:15+00:00,0,0,,Naranjal
1129879976701059073,JorgeRojasCr,¿Qué seguridad jurídica hay por dar servicio de hospedaje en internet o tienen mis clientes de que un "Fiscal" pida allanar servidores alquilados a una empresa para poder brindar servicios informáticos? Todos los que estudiamos informática estamos jodidos #FreeOlaBini #InaPapershttps://twitter.com/FiscaliaEcuador/status/1129574042195963904 …,2019-05-18 22:42:33+00:00,391,308,#FreeOlaBini #InaPapershttps,Naranjal
1129382951702192128,serviplatinium,HOSPEDAJE en Guayaquil reservas tf +593-0994795665 https://abnb.me/IFWS3ncuLW,2019-05-17 13:47:33+00:00,0,0,,Naranjal
1125152525718564865,serviplatinium,Hospedaje en Guayaquil casa amoblada https://abnb.me/JXGREiW6rW,2019-05-05 21:37:21+00:00,0,0,,Naranjal
1120739881465069568,serviplatinium,Hospedaje en Guayaquil reservas aquí #hospedaje https://abnb.me/kfKJCZUT7V,2019-04-23 17:23:04+00:00,0,0,#hospedaje,Naranjal
1159504543085785088,Gx2Viajes,Incluye: Vuelo en viaje redondo saliendo desde #Querétaro equipaje documentado traslados aeropuerto - hotel - aeropuerto y hospedaje en plan Todo Incluido (Hotel Cancun Bay Resort) Pregunta por más fechas y… https://www.instagram.com/p/B06PeoyJdTw/?igshid=1i0ika3bkgmjk …,2019-08-08 16:40:00+00:00,0,0,#Querétaro,Salitre
1151673134807838721,doctorsimulacro,El Comité Olímpico Mexicano ya no dará hospedaje alimento y médicos a deportistas por falta de la falta de presupuesto. pic.twitter.com/IK4fj1mWC6,2019-07-18 02:00:47+00:00,0,0,,Salitre
1147237988969005056,paradorvernal,¡Sorprende a tu pareja con una cena romántica¡ Etiqueta a la persona que te debe una cena así Pregunta por nuestro paquete con hospedaje. Info vía inbox o al 4412964058 http://www.paradorvernal.com.mx #turismoderomance #cenaromantica #bernal #pueblomagicopic.twitter.com/LueCTVJOd2,2019-07-05 20:17:05+00:00,1,1,#turismoderomance #cenaromantica #bernal #pueblomagicopic,Salitre
1135953743541874689,gsrdzl,Pongo como ejemplo mis casos. Yo he salido solo 2 veces al extranjero con cargo al erario. La primera fue un viaje a España siendo becario. Con dinero público se pagó mi vuelo y un viaje en tren. El hospedaje lo pagó la Universidad huésped y lo demás lo pagué yo.,2019-06-04 16:57:32+00:00,2,0,,Salitre
1135710352212209664,paumari_maga,Tu querrías Ir? 3000 pesos hospedaje y transporte a 5 minutos de la playa,2019-06-04 00:50:23+00:00,0,0,,Salitre
1134452211608576000,Norberto_Gro,Para muestra ésta foto una figura wixarika hecha por un artesano al que él le da hospedaje en la clínica. La foto la tomé cuando salí de su consulta cómo dos horas después de que llegué,2019-05-31 13:30:59+00:00,1,0,,Salitre
1133816190869094403,ADNQro,#NoTeLoPierdas Inauguran segunda Casa del Estudiante de Tequisquiapan en la capital la cual alberga a 10 alumnas. En este espacio se les dará hospedaje alimentación acceso a servicios básicos e internet http://bit.ly/30SEhP9 pic.twitter.com/shgQvLqDpf,2019-05-29 19:23:39+00:00,1,1,#NoTeLoPierdas,Salitre
1131950480744222720,ADNQro,#Deportes ¡Real Madrid niega petición de Pochettino sobre hospedaje en Valdebebas! El DT del Tottenham acusó a Florentino Pérez de negarle a su equipo el uso de esas instalaciones para alojarse los días previos a la final de #Champions. http://bit.ly/30EpmrX pic.twitter.com/3hjTMw5cwB,2019-05-24 15:49:59+00:00,0,0,#Deportes #Champions,Salitre
1129897345074679813,SaulDLP,No mame chofi le pague pasaje no hospedaje ya píseleeee,2019-05-18 23:51:34+00:00,1,0,,Salitre
1128858419610279936,aQamador,Alguien quiere un par de boletos de avión de Leon a Puerto Vallarta y el hospedaje en airbnb? Estoy en el hospital y al parecer ya no iré! Sale a las el jueves 16-may 8:30 am regresando el 19-may a las 12pm. :( pic.twitter.com/YszfoYTcdB – at ISSSTE Hospital General,2019-05-16 03:03:15+00:00,0,0,,Salitre
1128839715266936832,anntego,Acá les dejo una opción de hospedaje a toda ésa afición del @ClubAmerica digna de ustedes los llamados "azulcremas" De nada...!!! pic.twitter.com/UL4awadXLG,2019-05-16 01:48:55+00:00,4,0,,Salitre
1127612667995271168,marctronico,#MeUrgeTropico además llueven guapos ahí. Espero este año si conseguir hospedaje en el hotel cede y no hasta el princess.,2019-05-12 16:33:04+00:00,1,0,#MeUrgeTropico,Salitre
1158031232451719169,Kintekgt,FELICITACIONES A TODOS!!! ● Pills Band ( 1er lugar ) Brazalete para guardar medicamentos ● Huesped Canino ( 2do. lugar) Hospedaje canino ●Café y Más ( 3er. Lugar ) #RoadToInnovateEscuintla #EmprendedoresEscuintlapic.twitter.com/tAUW3bifqQ,2019-08-04 15:05:35+00:00,1,0,#RoadToInnovateEscuintla #EmprendedoresEscuintlapic,Santa Lucía
1157708468540923905,Haestrada18,Donde verdad se quiere profesionalizar el futbol de Gt @fedefut_oficial debería definir los requisitos mínimos para participar en LN: viajes en vehículos adecuados hospedaje antes o después de ciertas distancias horarios de juego calidad de instalaciones para equipos,2019-08-03 17:43:02+00:00,2,0,,Santa Lucía
1132752917017112576,MUYMIO,Con Ronald McDonald. Ellos cubren todo. Traslados hospedaje comidas y tratamiento. Revisar en un McDonalds,2019-05-26 20:58:35+00:00,3,1,,Bolívar
1157305606597939200,bocabeach1,BOCA BEACH. BARRESTAURANTEEVENTOSHOSPEDAJE. https://www.facebook.com/732510285/posts/10156116000115286/ …,2019-08-02 15:02:12+00:00,0,0,,Chone
1146648908698796032,fmcifuentesc,Tour "Quilotoa y Baños" 2 días: Sábado 13 y Domingo 14 de julio Incluye: Transporte Turístico Alimentación completa Hospedaje 1 noche Observación de flora fauna y… https://www.instagram.com/p/Bze5aY6J3RbnbnOaVkvkwQhk4fxWdyQ8sMt7cc0/?igshid=16kf4whbe4jlg …,2019-07-04 05:16:18+00:00,0,0,,Chone
1132380176896155651,MileydiGil,Mi lugar de hospedaje en Chalán-Sucre . #PuraMaderapic.twitter.com/1IoNIlNfqy,2019-05-25 20:17:27+00:00,15,0,#PuraMaderapic,El Carmen
1159597668030668805,revistademanabi,Controlan higiene de hospedaje y alimentación turísticos http://revistademanabi.com/2019/08/08/controlan-higiene-de-hospedaje-y-alimentacion-turisticos/ …pic.twitter.com/uBpkjRUhd3,2019-08-08 22:50:02+00:00,1,0,,Jaramijó
1159146268251369473,SCRealtyCorp1,Se acerca otro feriado y ya sabes que #Manta es el lugar ideal para pasarlo. Hermosas #playas la mejor #gastronomía y una #vidanocturna que te dejará deseando más. Averigua sobre nuestras opciones de hospedaje antes que se agoten. CALL +593 96 875 1147 #FeriadoEnMantapic.twitter.com/CG0drr9lOi,2019-08-07 16:56:20+00:00,0,0,#Manta #playas #gastronomía #vidanocturna #FeriadoEnMantapic,Jaramijó
1159212999703519239,Luisanacbn1,Le presté el depto a Mili para que venga a estudiar unos días. Acabo de llegar y está todo limpio/ordenado hizo arreglar una pérdida de agua hay comida y encima me dejó plata por el “hospedaje”. Hay muchas cosas que hago mal pero de amigos me elegí a las mejores personas.,2019-08-07 21:21:30+00:00,98,0,,Junín
1160198486471528454,Cargismun,@Bancolombia #FinancieraMente Si el viaje está muy encima y tuve que usar una parte de esos ahorros en algo urgente #BuscaríaEconomía en hospedaje o transporte para esas vacaciones.,2019-08-10 14:37:29+00:00,0,0,#FinancieraMente #BuscaríaEconomía,Puerto López
1160176000799580161,carlosmojica,Ahorra dinero viajando por el mundo y Colombia con el hospedaje más económico del mercado https://abnb.me/e/ayFoqtdw2Y,2019-08-10 13:08:08+00:00,0,0,,Puerto López
1159525814129627136,EuriCaraballo,@Bancolombia #FinancieraMente Si el viaje está muy encima y tuve que usar una parte de esos ahorros en algo urgente #BuscaríaEconomía en hospedaje o transporte para esas vacaciones.,2019-08-08 18:04:31+00:00,0,0,#FinancieraMente #BuscaríaEconomía,Puerto López
1157449682852962304,elmopri27,Vuelo yopal-Bogotá que estaba para las 6:43pm lo han dejado para las 9pm y las bellezas mascaverga de @Avianca @AviancaEscucha @sicsuper @PesimoServicio no responden por los pasajeros ni alimentación ni buena comunicación ni hospedaje para los de conexión,2019-08-03 00:34:43+00:00,0,0,,Puerto López
1156193927629815808,laorem60,Que estaba RETIRADA DE LA POLÍTICA! De el partido liberal/farc U.P que no le daba hospedaje a los narcotraficantes de las FARC etc.. Traidora. Igual de mentirosa a Petro.. https://twitter.com/EspinosaRadio/status/1156149736824610816 …pic.twitter.com/dH6wERS6zq,2019-07-30 13:24:48+00:00,1,0,,Puerto López
1155847047238606849,paulalsnzz,Esto pasa cuando no sabes que ir a Tomorrowland es más que tener la entrada también gastas en tiquetes comida hospedaje y demás... https://twitter.com/loperajuanca/status/1155505349262225411 …,2019-07-29 14:26:25+00:00,0,0,,Puerto López
1153491560237019136,lufe1323,Hps venezolanos llegan a morder la mano de los que les dan de comer no es posible que uno de amable les dé hospedaje alimentación y trabajo y esos malparidos lleguen a robar y dañar todo en una casa,2019-07-23 02:26:33+00:00,0,0,,Puerto López
1151124219637436416,hotelviappal,El mejor propósito para hoy es ser Feliz y hacer Feliz a los demás. Un excelente martes les desea su Hotel Vía Principal. su mejor opción de hospedaje en Villavicencio. pic.twitter.com/uNehBsSh5q,2019-07-16 13:39:35+00:00,0,0,,Puerto López
1150826049787351041,alkaravan,De este hospedaje Residencias Berlin Granada sacaron muchas personas y las desaparecían Antiguo DAS y paracos juntos móviles principalmente robarles dinero y pertenencias. pic.twitter.com/7CJxm44Zwv,2019-07-15 17:54:46+00:00,1,3,,Puerto López
1150549950184468482,Yotenyuco,Llegate que te quieres llegar chamita :s hospedaje y alimentación y cariñitos no te van a faltar,2019-07-14 23:37:38+00:00,0,0,,Puerto López
1149304951795007488,hotelviappal,Aprendamos a valorar el presente porque desde el se construye el futuro. Feliz Jueves les desea su Hotel Vía Principal su mejor opción de hospedaje en Villavicencio. pic.twitter.com/rFX2VyC6qL,2019-07-11 13:10:28+00:00,0,0,,Puerto López
1148587728621199363,hotelviappal,Sonrían hoy es un día excelente para empezar a sentirnos orgullosos de ser quienes somos. Feliz martes les desea su Hotel Vía Principal su mejor opción de hospedaje en Villavicencio. pic.twitter.com/OHkxhTorUt,2019-07-09 13:40:28+00:00,0,0,,Puerto López
1147700204445011968,Kalumontilla,Tiquetes: Check! Hospedaje: Check! Listo el primer viaje con novio!,2019-07-07 02:53:46+00:00,4,0,,Puerto López
1146815251771510784,MigracionCol,Oficiales de @MigracionCol capacitan sobre el uso de la plataforma #SIRE a los establecimientos que prestan el servicio de alojamiento y hospedaje en el municipio de Chinácota en #NorteDeSantander #SomosMigraciónpic.twitter.com/g6wUoCJwe4,2019-07-04 16:17:17+00:00,6,0,#SIRE #NorteDeSantander #SomosMigraciónpic,Puerto López
1143933907160764416,AmandaDiazP,Kayak o skyscanner te dan la opción de ver en semáforo los costos de los vuelos y amo a http://Booking.com para buscar hospedaje. Despegar me parece más costoso que los demás. Por eso armo mis propios paquetes,2019-06-26 17:27:51+00:00,2,0,,Puerto López
1143329832010428416,Lccf66,Todo ese tiempo por fuera y consiguen 15 becas! Jajjajajajajajajajajajajjajajajajajajajajjajajajajajajajajajajsjajsjjsjsjsjajajajajajajajjaajjajajaj No seamos tan maricas! Sumen todos los tiqueteshospedaje y viáticos de esa comisión y salen 100 becas sin ir a pasear por allá!,2019-06-25 01:27:28+00:00,0,0,,Puerto López
1141091924771819521,MaLejaDiaz12,¿Quién me da hospedaje en Cgena?,2019-06-18 21:14:49+00:00,1,0,,Puerto López
1140576818753343488,guason1985,@LATAM_CHI Me cancelaron el vuelo para Cartagena de India 17/06 sin ninguna explicación. Y ahora tengo q resolver?? Y el hospedaje quien responde??,2019-06-17 11:07:59+00:00,0,0,,Puerto López
1139198585453592579,Ingeniebrita,Yo: Los hoteles son muy caros. La gente: Busca Airbnb que te sale mejor. Yo: Buscando... Un hospedaje: Te cuesta más la limpieza del apto que la misma noche Yo: Será que si le digo q yo le dejo el apto limpio me lo deja más barato. Jajaja me pasan unas vainas. pic.twitter.com/CdBfmhRNXD,2019-06-13 15:51:22+00:00,3,0,,Puerto López
1139158963449159682,Ingeniebrita,Ustedes como hacen pa viajar tanto y tan seguido a Miami juepuchaaaaaaa el hospedaje es Puchaaaamente carooooooo yo pensaba que NYC era costoso pero mirando Miami lo es también.,2019-06-13 13:13:56+00:00,15,1,,Puerto López
1137399458885513217,MigracionCol,Oficiales de @MigracionCol realizaron labores de verificación migratoria en establecimientos comerciales y lugares de hospedaje de extranjeros en el municipio de Chía. #SomosMigraciónpic.twitter.com/B98o6JoXOW,2019-06-08 16:42:17+00:00,5,2,#SomosMigraciónpic,Puerto López
1135171492365385729,CamiloPrietoVal,Hay algo más que tenemos los humanos. Tal vez lo que nos confiere espacio neuronal para la racionalidad también da hospedaje a la maldad.,2019-06-02 13:09:08+00:00,0,0,,Puerto López
1134911791899783168,PoliciaMeta,#ConstruyendoSeguridad En Puerto López #Meta con @ProteccionPonal realizamos actividades de control al Registro Nacional de Turismo de los establecimientos de alojamiento y hospedaje para garantizar un #TurismoSeguro.pic.twitter.com/zxurYvHRfJ,2019-06-01 19:57:11+00:00,5,5,#ConstruyendoSeguridad #Meta #TurismoSeguro,Puerto López
1133479757826482177,MigracionCol,Dentro de la estrategia #GEM Oficiales de @MigracionCol @PoliciaColombia y la Secretaría de Salud de Neiva adelantan labores de verificación en sitios de hospedaje en el centro y aledaños al malecón en la capital del Huila #SomosMigraciónpic.twitter.com/UaI5Y2HSZr,2019-05-28 21:06:47+00:00,6,1,#GEM #SomosMigraciónpic,Puerto López
1133377775019151360,luka_manrique,#Soyunserdeluz faltó Zunga @CaritoAgudelo hojaldra homosapiens Honor honra hostal hospedaje hongos @CaroCarreta,2019-05-28 14:21:33+00:00,0,0,#Soyunserdeluz,Puerto López
1132004295233232898,MigracionCol,En Chía nuestros Oficiales de @MigracionCol realizaron actividades de verificación en establecimientos comerciales y lugares de hospedaje de extranjeros. Toda la información sobre trámites y requisitos migratorios se encuentra en http://www.migracioncolombia.gov.co pic.twitter.com/8mCziR1fcB,2019-05-24 19:23:50+00:00,8,0,,Puerto López
1130638282205925379,PoliciaMeta,#MásCercaDelCiudadano En Puerto Gaitán #Meta con #ProtecciónTurismo realizamos actividades de control al Registro Nacional de Turismo de los establecimientos de Alojamiento y Hospedaje del municipio para garantizar un #TurismoSeguro. #CódigoDeConvivenciapic.twitter.com/uWlp3lZVEN,2019-05-21 00:55:47+00:00,6,4,#MásCercaDelCiudadano #Meta #ProtecciónTurismo #TurismoSeguro #CódigoDeConvivenciapic,Puerto López
1130614889825951745,AnaMaGarcia10,#EncuentroSDS Lugar: Medellín Fecha: Confirmados: Tiquetes: Hospedaje: Ya casi ya casi,2019-05-20 23:22:50+00:00,2,1,#EncuentroSDS,Puerto López
1129028624693235716,MigracionCol,Oficiales de @MigracionCol realizaron labores de control y verificación y socializan la normatividad migratoria vigente en establecimientos que prestan servicios de hospedaje en Ibagué #SomosMigracionpic.twitter.com/sXLHuy9sB6,2019-05-16 14:19:35+00:00,1,2,#SomosMigracionpic,Puerto López
1128299441847447552,PobreOrate,@Bancolombia #FinancieraMente Si el viaje está muy encima y tuve que usar una parte de esos ahorros en algo urgente #BuscaríaEconomía en hospedaje o transporte para esas vacaciones.,2019-05-14 14:02:04+00:00,0,0,#FinancieraMente #BuscaríaEconomía,Puerto López
1127927574481469440,swSALAMANDRAf,Ahora Zipaquira es 1 semana sólo en inscripción y vestuarios de los musicales 1millon... Más hospedaje alimentación gastos no contemplados transportes diarios... NO TENGAN HIJOS!!! Jajajaja ahora sólo tengo tiempo para hacer plata...,2019-05-13 13:24:24+00:00,7,0,,Puerto López
1122373006079217664,gomez_alejo182,Pregunta a los amigos y seguidores de @viajabogota hospedaje en Medellín para la F2R recomiendan algunos ?,2019-04-28 05:32:31+00:00,0,0,,Puerto López
1121393011911462915,mafero__,Alguien que no tenga hospedaje en Santa Marta y necesite para viernes y sábado?,2019-04-25 12:38:23+00:00,7,18,,Puerto López
1121051823702462465,bl4ckallday,La pena me gana!! Pero así y todo he logrado que un uber (que había quitado el sticker para tanquear en una bomba) en algún lugar de Los Angeles nos llevara al hospedaje sin tener cel prendido o valor exacto del trayecto mami no me varo en ningún lado!! pic.twitter.com/iODY4b3Tae,2019-04-24 14:02:37+00:00,0,0,,Puerto López
1121912076941676544,loma_nevada,Con el mejor confort y calidad para tu hospedaje y ahora con los mejores precios hasta el 31 de mayo. Todos los días. Ven a disfrutar de este paraíso idílico. Te esperamos. #lomanevada… https://www.instagram.com/p/BwvIZ07A3bm/?utm_source=ig_twitter_share&igshid=1ktlaofcafqtl …,2019-04-26 23:00:57+00:00,2,2,#lomanevada,Puebloviejo
1120355347473018880,HospedajesCol,Una belleza de hotel ubicado en Taganga - Santa Marta. Hospedaje: JABA NIBUE Foto: Mike Estrada pic.twitter.com/Wen6Ukt6i2,2019-04-22 15:55:04+00:00,0,0,,Puebloviejo
1160256334463418369,JGGP24,Simplemente Maravilloso. 𝕮𝖆𝖇𝖆ñ𝖆𝖘 𝕷𝖊𝖔 🅳🅴🆂🅲🆄🅴🅽🆃🆂 Para Más de 2 Días de Hospedaje. Comunicate y comentanos que lo vistes en @JGGP24 y obten hasta un 15% de Descuento. No te Pierdas esta Promoción. Valida por Este… https://www.instagram.com/p/B0_kn7Bntfv/?igshid=17gypef0iwshx …,2019-08-10 18:27:21+00:00,0,0,,Valencia
1158844650792337408,FRANKYGILEC,Buscando hospedaje en Bogota.... Quien ????,2019-08-06 20:57:49+00:00,0,0,,Valencia
1158147578208432128,jgst681,De esos señores hay bastantes aqui al Hinava venia uno que hasta martillaba pasajes en avion son unos fenómenos se iban de vacaciones a Margarita a martillar a un empresario que tenia un bojote de CH desde pasajes hasta hospedaje chulos,2019-08-04 22:47:54+00:00,0,0,,Valencia
1157780148902662146,CarmenClariana,Es discriminación por su condición sexual eso va en contra de la constitución y el derecho internacional negarle el acceso a una persona al empleo educación entretenimiento hospedaje etc. Por su condición sexual es una violación a sus derechos humanos,2019-08-03 22:27:52+00:00,6,0,,Valencia
1157602879261356032,miradeltigre,Nos empeñamos en que pases unas vacaciones geniales por eso ahora te ofrecemos promociones en la mágica #Merida en el Hotel Los Lirios o en la Posada Chapeta. Promoción familiar para 4 personas. Incluye: Hospedaje… https://www.instagram.com/p/B0suqgdnjZO/?igshid=mubewrx7tl6z …,2019-08-03 10:43:28+00:00,0,0,#Merida,Valencia
1157356851324829696,stviajes1,Plan Travesía express Hotel Milla Suites Mérida. 5 Días 4 Noches 2 Personas. *4 Noches de Hospedaje *Entradas para los 3 Parques Temáticos Los Aleros La Venezuela de Antier La Montaña de los Sueños https://www.instagram.com/p/B0q-0tQFpjm/?igshid=hf2qd3nient5 …,2019-08-02 18:25:50+00:00,0,0,,Valencia
1157297739690065920,hotelpv1,Sin importar el motivo de tu visita siempre somos tu mejor opción en hospedaje. Visítanos y has tus reservas a través de reservacioneslapequenavalencia@gmail.com 02418583688 02418587051 0414-592.42.12 #lapequenavalencia #reuniones #conferencias #familia #espaciointimo#relaxpic.twitter.com/euFxAQIIFE,2019-08-02 14:30:57+00:00,0,0,#lapequenavalencia #reuniones #conferencias #familia #espaciointimo #relaxpic,Valencia
1155264836458225664,eliasmontano,* #LosChulosDeSaoPaulo* $200 millones gastó Maduro para darle a un grupo de chulos comida y hospedaje de lujo mientras aún hay sectores de país sin electricidad. Los niños del JM. De los Ríos no tienen comida y… https://www.instagram.com/p/B0cHe0HpY-N/?igshid=qn75xydgjl6w …,2019-07-27 23:52:55+00:00,0,0,#LosChulosDeSaoPaulo,Valencia
1151887557669662720,abrahamigs,“Estamos cubriéndole alimentación hospedaje y transporte a más de 600 personas en esta #ConvenciónMaranatha” dijo @PastorPaco77 en la conferencia de Liderazgo y Gerencia.pic.twitter.com/3ywamLSbIw,2019-07-18 16:12:49+00:00,5,9,#ConvenciónMaranatha,Valencia
1146127157850189826,CarlosM98001808,...Hola! Carlos Hospedaje Integral. Alquiler de todo tipo de inmuebles Full equipodescuento especial;Coral suite Caribean Suite y Ciudad Flamingo.Paseos cortos y largos por la BELLA y PARADISIACA BAHÍA DEL PARQUE NACIONAL MORROCOY. Full daypeñerolancha o yate. ASESORÍA TOTAL,2019-07-02 18:43:03+00:00,0,0,,Valencia
1141760994873696257,HotelEmperadorV,Ofrecemos desayuno tipo Buffet para nuestros huéspedes quienes hayan solicitado hospedaje con desayuno porque somos un hotel de 3 estrellas con servicio de 4 en la ciudad de Valencia. ... #hotelemperadorv #hotel #valenciavzla #carabobo #venezuela #travel #instatravel #travelingpic.twitter.com/6yU8QRLqiM,2019-06-20 17:33:28+00:00,1,0,#hotelemperadorv #hotel #valenciavzla #carabobo #venezuela #travel #instatravel #travelingpic,Valencia
1140611841791578112,HotelEmperadorV,Cómodas y elegantes habitaciones nos caracteriza como la mejor opción de hospedaje en la ciudad de Valencia. Somos un Hotel de 3 estrellas con servicio de 4. ... #hotelemperadorv #hotel #valenciavzla #carabobo #venezuelapic.twitter.com/65RizXlupP,2019-06-17 13:27:09+00:00,0,0,#hotelemperadorv #hotel #valenciavzla #carabobo #venezuelapic,Valencia
1139195860632424448,termaltrinchera,Estamos activos por Instagram por mensaje directo para dar respuesta a sus inquietudes y reservar su hospedaje en nuestro Hotel. ... #termaltrincheras #hotel #spa #aguastermales #carabobo #venezuelapic.twitter.com/0xcRQIeWu7,2019-06-13 15:40:33+00:00,0,1,#termaltrincheras #hotel #spa #aguastermales #carabobo #venezuelapic,Valencia
1136081606098268160,termaltrinchera,Su salud es importante para nosotros ofrecemos los servicios de salud que necesita con precios aun accesibles en la modalidad todo el día desde las 7:00 am o con hospedaje sin desayuno... #termaltrincheras #hotel #spa #aguastermales #carabobo #venezuela #travelpic.twitter.com/tuYGvnNAYU,2019-06-05 01:25:36+00:00,2,1,#termaltrincheras #hotel #spa #aguastermales #carabobo #venezuela #travelpic,Valencia
1132980166249123841,HotelEmperadorV,Cómodas y elegantes habitaciones nos caracteriza como la mejor opción de hospedaje en la ciudad de Valencia. ... #hotelemperadorv #hotel #valenciavzla #carabobo #venezuelapic.twitter.com/6UYBP23mWc,2019-05-27 12:01:36+00:00,0,0,#hotelemperadorv #hotel #valenciavzla #carabobo #venezuelapic,Valencia
1130197961361825792,jonathan_arrioj,Hola ¿como estas? Quiero compartir contigo los beneficios que tenemos en nuestro Club de Viajes VIVELO!!! con el que puedes disfrutar 4 noches y 5 días de hospedaje gratuito en mas de 15 destinos entre los cuales… https://www.instagram.com/p/BxqAYsEnzjH/?igshid=9qdt5l9qa995 …,2019-05-19 19:46:06+00:00,0,0,,Valencia
1129413168168689664,AntiguaMision,¡Queremos hacer de tus fines de semanas diferente! por lo tanto visítanos y disfruta de nuestros servicios de Hospedaje Piscina y Spa. Todo ello con una asistencia única digna de un Hotel cinco estrellas.… https://www.instagram.com/p/BxkbgT3HAHC/?igshid=jir7v0npoq0k …,2019-05-17 15:47:37+00:00,0,0,,Valencia
1121221955607199747,HotelEmperadorV,Ofrecemos desayuno tipo Buffet para nuestros huéspedes quienes hayan solicitado hospedaje con desayuno porque somos un hotel de 3 estrellas con servicio de 4 en la ciudad de Valencia. ... #hotelemperadorv #hotel #valenciavzla #carabobo #venezuelapic.twitter.com/Xz1B9LYkMO,2019-04-25 01:18:40+00:00,0,0,#hotelemperadorv #hotel #valenciavzla #carabobo #venezuelapic,Valencia
1121054372350386176,lombarditravel,+ Hospedaje noche previa al inicio de la caminata en posada. + Todas las comidas durante el trekking. + Carpa y aislante. + Cocina y cocinero. + Guía. + Porteador para Comida. + Utensilios. + Carpas. + Baño portátil para las caminatas. + Primero Auxilios. + Entrada al Parque.,2019-04-24 14:12:45+00:00,0,0,,Valencia
1142758700958048258,leonard_Raf,Se terminó las vacaciones y quiero agradecerte amigo @postino15daniel y a tu hermosa familia x el hospedaje y la buena onda. Lo quiero y lo mejor de gracias y abrazos diaro8400 en La… https://www.instagram.com/p/BzDQWgmBOrb3vo26xyiZCGH5LWTUs0CnO9bHOQ0/?igshid=ymddtnobe5cx …,2019-06-23 11:38:00+00:00,0,0,,La Libertad
1159942269216022528,comiemx,#RumboAAcapulco2019 - Consulta toda la información sobre el hospedaje y más detalles del congreso en el sitio web: http://congreso.comie.org.mx/ pic.twitter.com/Y92R6vXxip,2019-08-09 21:39:22+00:00,5,4,#RumboAAcapulco2019,Salinas
1159329055751188480,DIEGO_IOB,Me ilusiono muy rápido luego luego busco vuelos hospedaje y pues al final te matan esa ilusión.,2019-08-08 05:02:40+00:00,1,0,,Salinas
1159250273187110913,RinconadaSF,Conoce las tarifas de hospedaje en #Xochitepec ingresa a nuestro sitio: http://www.hotellarinconada.com/instalaciones-hotel-en-xochitepec …pic.twitter.com/2UtwCSPrK6,2019-08-07 23:49:37+00:00,0,0,#Xochitepec,Salinas
1158764135175327749,internatemx,#BuenosDiasATodos obtén un sitio web completo y correos electrónicos al mejor costo-beneficio. Además dominio y Hospedaje por dos años ¡checalo! https://www.internate.mx/promocion-web/ pic.twitter.com/lDNBhOffgO,2019-08-06 15:37:53+00:00,0,0,#BuenosDiasATodos,Salinas
1158616610447527936,Luisgcamposs,Están en GDL la aerolínea no proporciona hospedaje cada pasajero tiene que buscar su propio hospedaje y se les reembolsará pésimo.,2019-08-06 05:51:40+00:00,1,0,,Salinas
1158494089840615427,internatemx,Obtén un Sitio web completo con dos años de Dominio y Hospedaje. Revisa nuestra promoción en https://www.internate.mx/promocion-web/ #paginaweb #ofertas #negocios #promocionespic.twitter.com/KaoEf8SDpP,2019-08-05 21:44:49+00:00,0,0,#paginaweb #ofertas #negocios #promocionespic,Salinas
1158418211722993665,omai_dog,Omai dog! es la mejor opción de hospedaje en estas vacaciones para tu peludo! Contactanos: 5549359072 pic.twitter.com/3VVQqflXtR,2019-08-05 16:43:18+00:00,0,0,,Salinas
1157369348291358720,miguelgp_,Qué tal amigos comuna pregunta realmente sería ¿cuál es la dirección exacta del lugar del festival? Es para efectos de hospedaje viajamos desde la CDMX. Gracias,2019-08-02 19:15:30+00:00,0,0,,Salinas
1154204527198973952,luisgarza2801,Siempre que quiero salir entre semana como hoy recuerdo que una peda de aquí podría ser equivalente a un hospedaje de mi futuro viaje y se me pasa. Mejor me espero al sábado,2019-07-25 01:39:38+00:00,2,0,,Salinas
1151537933188521985,elandrescanalla,Justo le voy a decir que me ayude a armar algo bonito por allá. Total hospedaje ya tengo.,2019-07-17 17:03:32+00:00,1,0,,Salinas
1151505952115478528,JULIOECHONGYONG,Sin dinero público el Comité Olímpico Mexicano ya no dará hospedaje alimento y médicos a deportistas - Proceso https://www.proceso.com.mx/592697/sin-dinero-publico-el-comite-olimpico-mexicano-ya-no-dara-hospedaje-alimento-y-medicos-a-deportistas …,2019-07-17 14:56:27+00:00,1,0,,Salinas
1146093462787362818,jorgealbertole4,Si la policía federal no pagaba ni el hospedaje y en Acapulco algunos hoteles estuvieron a punto de quebrar,2019-07-02 16:29:09+00:00,2,1,,Salinas
1142227859294969857,JoseCarlosVima,No Patricia si hacemos caso yo también hice comentarios con otros tuiteros sobre el tema de la logística hospedaje q no tenían cuarteles o bases precisamente porq estaba programado el lanzamiento de la GN para el 30/junio pero tuvieron que adelantarse por órdenes de Trump.,2019-06-22 00:28:37+00:00,2,0,,Salinas
1135061648727785474,emilio6605,Lo bueno es que hay "austeridad republicana" como para pagar tantos días de hospedaje alimentación logística y etc. etc. etc..... Vaya cinismo la de estos sinvergüenzas de cuarta! https://twitter.com/SergioSarmiento/status/1134872770146373640 …,2019-06-02 05:52:40+00:00,1,0,,Salinas
1130828117306560512,perezmarroquin,@asilascosasw @warkentin @jrisco Buen día no se si ya tocaron el tema del cierre d Turissste al margen d la lamentable pérdida d + d mil empleos k pasara con adeudos millonarios k tiene con hoteleros producto del hospedaje d la gendarmería sea x contrato directo o x terceros,2019-05-21 13:30:07+00:00,0,0,,Salinas
1126888501121835008,vasotequedas,Transporte Redondo Corona Capital GDL nos vamos hoy pasando la media noche  opción a hospedaje también INBOX @CoronaCapitalGD #CoronaCapitalGDLpic.twitter.com/8LqAaQP3ib,2019-05-10 16:35:29+00:00,2,0,#CoronaCapitalGDLpic,Salinas
1126888428740726786,valdoviaggio,Transporte Redondo Corona Capital GDL nos vamos hoy pasando la media noche  opción a hospedaje también INBOX @CoronaCapitalGD #CoronaCapitalGDLpic.twitter.com/C4OEua67kt,2019-05-10 16:35:12+00:00,1,1,#CoronaCapitalGDLpic,Salinas
1126528503237754881,vasotequedas,Transporte redondo al @CCapitalGDL corona Capital Guadalajara desde CDMX últimos espacios con opción a hospedaje y accesos generales salimos viernes pasando la media noche #CoronaCapitalGDL #vasotequedaspic.twitter.com/pEz1s1Kk15,2019-05-09 16:44:59+00:00,2,0,#CoronaCapitalGDL #vasotequedaspic,Salinas
1126528033978974209,valdoviaggio,Últimos espacios para @CoronaCapitalGD transporte redondo desde CDMX con opción a hospedaje ! Salimos viernes pasando la media noche también nos sobran 2 accesos generales 1200 #CoronaCapitaGDL INBOX @Vendo_Boletos @Boletos_CDMX_ @VendoBoletosDFpic.twitter.com/A0uE2Gkr2y,2019-05-09 16:43:07+00:00,2,2,#CoronaCapitaGDL,Salinas
1126155259305394176,valdoviaggio,Aún tenemos espacios para el @CoronaCapitalGD transporte redondo desde CDMX con opción a hospedaje también ! INBOX salimos viernes en la noche #CoronaCapitalGDL @Vendo_Boletos @VentaBoletosMx @Boletos_CDMX_pic.twitter.com/cnEAXQQF0H,2019-05-08 16:01:51+00:00,2,2,#CoronaCapitalGDL,Salinas
1126154884800290816,vasotequedas,Transporte redondo al @CoronaCapitalGD Salimos el Viernes por la noche regreso Domingo! Info INBOX con opción a hospedaje #CoronaCapitalGDL CDMXpic.twitter.com/5Q9etIHwJI,2019-05-08 16:00:22+00:00,1,0,#CoronaCapitalGDL,Salinas
1125526252213948417,valdoviaggio,Recuerden que este sábado iremos al @CoronaCapitalGD Tour incluye: 1 noche de hospedaje transporte redondo Trasladó al evento desayuno y souvenir #CoronaCapitalGuadalajara #vasotequedas #INBOX #RT SALIMOS CDMXpic.twitter.com/cUd6NL9bzs,2019-05-06 22:22:24+00:00,3,1,#CoronaCapitalGuadalajara #vasotequedas #INBOX #RT,Salinas
1125526035892768768,vasotequedas,Recuerden que este sábado iremos al @CoronaCapitalGD Tour incluye: 1 noche de hospedaje transporte redondo Trasladó al evento desayuno y souvenir #CoronaCapitalGuadalajara #vasotequedaspic.twitter.com/DTfh77tEOn,2019-05-06 22:21:32+00:00,0,0,#CoronaCapitalGuadalajara #vasotequedaspic,Salinas
1160266485866147841,CCapellanL,Jajajajajaj yo alquile uno y me rechazaron el hospedaje en ese mismo edificio que iba a pasar el fin de semana con alguien dique por tema de mantenimiento y entonces a los tarjeteros se lo aceptan ditamai,2019-08-10 19:07:41+00:00,0,0,,Santo Domingo
1159573222943313920,Hospedajerd,Gazcue Alquiler apartamento amueblado de tres habitaciones - Inmu...https://do.tuavisoclasificado.com/avisos/ver/id/8451/gazcue-alquiler-apartamento-amueblado-de-tres-habitaciones …,2019-08-08 21:12:54+00:00,1,0,,Santo Domingo
1159572863927640065,Hospedajerd,Venta Apartamento 1 habitacion En Cana Rock Galaxy Punta Cana - In...https://do.tuavisoclasificado.com/avisos/ver/id/7868/venta-apartamento-1-habitacion-en-cana-rock-galaxy-punta-cana …,2019-08-08 21:11:29+00:00,1,0,,Santo Domingo
1157521895740211200,acentodiario,Policía Nacional detiene presunto homicida de persona indigente en Hospedaje Yaqué http://bit.ly/2ywWDsd,2019-08-03 05:21:40+00:00,0,0,,Santo Domingo
1157275566665584640,arecoa_com,#Portada #Hoteles #Destinos Palace Resorts expande su oferta de hospedaje en Punta Cana https://bit.ly/2T79niI @PalaceResorts @MTurismoRD @FJavierGarciaF @ASONAHORES1 @ASOLESTE @PresidenciaRDpic.twitter.com/coOTnan0QG,2019-08-02 13:02:50+00:00,0,0,#Portada #Hoteles #Destinos,Santo Domingo
1126861104796315648,liriano100,La vida no vale nada __-Un tipo identificado cono Danny mató de varias puñaladas a un joven conocido como Wilson en el hospedaje Yaque-- Stgo,2019-05-10 14:46:38+00:00,1,0,,Santo Domingo
1125439129100214272,SergemmaTravel,Hotel|Resort 4 Todo incluido #BeLiveHamacaGarden para hospedaje del 24 al 26 de Mayo 2019 #FinDeSemanaDeLasMadres enBoca Chica TARIFAS POR HABITACIÓN 2 adultos | RD$13750 |… https://www.instagram.com/p/BxIMUbIldR6/?utm_source=ig_twitter_share&igshid=1q09im1s5qvsl …,2019-05-06 16:36:12+00:00,0,0,#BeLiveHamacaGarden #FinDeSemanaDeLasMadres,Santo Domingo
1124112217945673729,SergemmaTravel,Hotel|Resort 4 Todo incluido #BeLiveHamacaGarden para hospedaje del 24 al 26 de Mayo 2019 #FinDeSemanaDeLasMadres enBoca Chica TARIFAS POR HABITACIÓN 2 adultos | RD$13750 |… https://www.instagram.com/p/Bw-w6MEl621/?utm_source=ig_twitter_share&igshid=kemz2ylqjpuc …,2019-05-03 00:43:32+00:00,0,0,#BeLiveHamacaGarden #FinDeSemanaDeLasMadres,Santo Domingo
1123742708386992128,chino_bavaro,Desde RD le damos todo el apoyo que se merecen nuestros Hermanos luchadores Venezolanos a Chile gracias por dar hospedaje a esas personas que quieren un cambio para el pueblo Venezolano.,2019-05-02 00:15:14+00:00,0,0,,Santo Domingo
1120642813123813379,SergemmaTravel,Hotel|Resort todo incluido #HodelpaGardenSuites para hospedaje del 27 al 29 de Abril 2019 #FeriadoDelTrabajador Juan Dolio TARIFAS POR HABITACIÓN 2 adultos | RD$11520| Doble 3… https://www.instagram.com/p/BwmHNfblj8R/?utm_source=ig_twitter_share&igshid=kszpa1t1mrz7 …,2019-04-23 10:57:21+00:00,0,0,#HodelpaGardenSuites #FeriadoDelTrabajador,Santo Domingo
