1159488671940272128,perrojirafo,Tomarse fotos en mi casa y poner tipo «en el AirBnB de Río de Janeiro» o «De paseo en Ibiza» de localización de las fotos para tener más me gusta o no se qué.,2019-08-08 15:36:56+00:00,0,0,,El Chaco
1159446378160017411,KattyMejia11,@Airbnb necesito asesoramiento para mecanismo de cobro por hospedaje temporal,2019-08-08 12:48:52+00:00,0,0,,El Chaco
1159437319222566913,davidbalarezo,¿Has probado Airbnb? Regístrate a través de mi enlace y conseguirás hasta $55 de descuento en tu primer viaje. https://abnb.me/e/IRsy8Tv8YY,2019-08-08 12:12:52+00:00,0,0,,El Chaco
1158518788968443905,juanfra95,Airbnb en Cali. Veamos que tal resulta,2019-08-05 23:22:58+00:00,0,0,,El Chaco
1158386166741254144,pdavilaj,¿Has probado Airbnb? Regístrate a través de mi enlace y conseguirás hasta $55 de descuento en tu primer viaje. https://abnb.me/e/NKdlZV1jUY,2019-08-05 14:35:58+00:00,0,0,,El Chaco
1158359691421986816,somosfokus,Así es Swimmy el ‘Airbnb de las piscinas’ que acaba de llegar a España mira la noticia ->http://bit.ly/2ZwXODD pic.twitter.com/sxJSEM8GI9,2019-08-05 12:50:46+00:00,0,0,,El Chaco
1157117416129933313,32_henrymau,¿Has probado Airbnb? Regístrate a través de mi enlace y conseguirás hasta $55 de descuento en tu primer viaje. https://abnb.me/e/szrm21KvOY,2019-08-02 02:34:24+00:00,0,0,,El Chaco
1150907166762721282,RazorsEdgeEC,Los lunes los convertimos en oportunidad.... arregla tu look en manos expertas !!!!! Reserva al 3237101 WS 099-762-3728 #barba #lunes #FelizLunes #best_airbnb #barbershoppic.twitter.com/zadgeclDXA,2019-07-15 23:17:06+00:00,1,0,#barba #lunes #FelizLunes #best_airbnb #barbershoppic,El Chaco
1144659295864262657,RazorsEdgeEC,Prepárate para lucir cómo quieres pero solo en manos expertas. Somos Razor’s Edge Barber Club!!!!! Reserva al 3237101 #razorsedgebarberclub #onlyformen #haircutmen #airbnb #aviation #cabello #barba #onlyforluxury #bigotes #berbershop #spa #barbudo #soloparaellos #spaformens,2019-06-28 17:30:17+00:00,0,0,#razorsedgebarberclub #onlyformen #haircutmen #airbnb #aviation #cabello #barba #onlyforluxury #bigotes #berbershop #spa #barbudo #soloparaellos #spaformens,El Chaco
1144297537215574016,sjKiFord,AirBnb Debe pagar. Compite con REALES EMPRESARIOS. https://twitter.com/MOlvera1993/status/1144257652144390145 …,2019-06-27 17:32:47+00:00,0,0,,El Chaco
1143249658887778304,RazorsEdgeEC,Trabajar en tu estilo es nuestra responsabilidad. Reserva con nosotros al 3237101 #razorsedgebarberclub #onlyformen #haircutmen #airbnb #aviation #cabello #barba #onlyforluxury #bigotes #berbershop #spa #barbudo #soloparaellos #spaformens #niñosfashion #padres #quitopic.twitter.com/KSzhnJSbAj,2019-06-24 20:08:53+00:00,0,0,#razorsedgebarberclub #onlyformen #haircutmen #airbnb #aviation #cabello #barba #onlyforluxury #bigotes #berbershop #spa #barbudo #soloparaellos #spaformens #niñosfashion #padres #quitopic,El Chaco
1142051645582434304,owlsamatista,Mi amiga viene por 1 año a Ecuador pensamos mejor que vaya a un airbnb para que estos días encuentre un depar y estos le salen que la señora es mayor que no molesta,2019-06-21 12:48:25+00:00,1,0,,El Chaco
1135527169516539904,Ecuador_Tur,PAQUETE INDIVIDUAL a USA Avion + Airbnb + Auto requisitos: visa USA trajeta de credito licencia de conducir WhatsApp +593 999 000 222 (solo escribir) telefono 02-2454782 Amazonas y NNUU CC Unicornio local 243 EcuadorTur #USA #AIRBNB #RENTACARpic.twitter.com/zKXtObI5kC,2019-06-03 12:42:28+00:00,0,0,#USA #AIRBNB #RENTACARpic,El Chaco
1121235215391834113,GermanAnda,Airbnb mas fácil y económico,2019-04-25 02:11:21+00:00,0,0,,El Chaco
1160273425014894597,_TG__,Imagínate un edificio que tiene como 10 apts en Airbnb,2019-08-10 19:35:16+00:00,0,0,,Puyo
1160273041080946696,edusalaberry,@airbnb_es me acabais de joder las vacaciones! Teniamos apartamento alquilado hace una semana para ir a la feria de malaga! Y tu querido Super Host Laura PUTA ZORRA porque no tiene nombre a una semana lo cancela. ¿Que hacemos? ¿Dormimos en la calle?,2019-08-10 19:33:44+00:00,1,0,,Puyo
1160272213091729409,lachilachi,A mi me gusta mucho este Airbnb. Está a dos pasos de punta Uva. Es para dos personas. https://abnb.me/J0YU9BuX2Y,2019-08-10 19:30:27+00:00,1,0,,Puyo
1160270573743665152,puntacallao,Cabaña Quincho Lago #LagoRupanco #airbnb #cabin #travel #chile #patagonia #viajes #superhost en Fundo Punta Callao https://www.instagram.com/p/B0_r1OKnBEL/?igshid=1p73iwd03ajzk …,2019-08-10 19:23:56+00:00,0,0,#LagoRupanco #airbnb #cabin #travel #chile #patagonia #viajes #superhost,Puyo
1160270305748815874,_Danone_,En el Airbnb hay gafas a lo Woody Allen por lo que blessed en ese sentido también pic.twitter.com/Au32DfC4l0,2019-08-10 19:22:52+00:00,0,0,,Puyo
1160269703841026048,MarioEspinosaZ3,Excelente departamento en #VENTA en #Cancún a minutos de tiendas plazas comerciales SM 17 Inf Mario E Zurita zuritabienesraices@gmail.com9982216736 #Venta #Buceo #Loveart #Familia #Departamento #Lujo #seguridad #airbnb #rentasvacacionales #caribe http://zuritabienesraices.com pic.twitter.com/NWORReBWqS,2019-08-10 19:20:28+00:00,0,1,#VENTA #Cancún #Venta #Buceo #Loveart #Familia #Departamento #Lujo #seguridad #airbnb #rentasvacacionales #caribe,Puyo
1160269518419238913,rayvilleta,Tu lo que tenias que mudarte en un edificio que prohibiera Airbnb (residencial) si la mayoria de propietarios son Airbnb na ma te digo que te vayas buscando un agente de Remax pa que te hubiquen en otro lao.,2019-08-10 19:19:44+00:00,0,0,,Puyo
1160269466003005440,carlitos_canedo,Una noche en Manchester para dos personas me acaba de costar $100 pesos. Eso de los descuentos de AirBnB por invitación está chido.,2019-08-10 19:19:32+00:00,1,0,,Puyo
1160269419899019264,hupeemilio5,Esta es la calle donde se encontraba mi pedazo de piso de airbnb vaya pedazo de pocilga en Madrid Spain https://www.instagram.com/p/B0_rTp7nInp/?igshid=1s2j6hjuozfcu …,2019-08-10 19:19:21+00:00,0,0,,Puyo
1160268446061514757,sanluwal,#superoferta Reserva y recibe hasta 413 DOLARES gratis en alojamiento AirBnB en cualquier parte del mundo. clic en el siguiente enlace. https://ift.tt/2YBudc1 pic.twitter.com/IExYxN1UzQ,2019-08-10 19:15:28+00:00,0,0,#superoferta,Puyo
1160266793815961601,luisfklein,Tillable: el Airbnb de la agricultura Por @ElFinanciero_Mxhttps://elfinanciero.com.mx/tv/tech/tillable-el-airbnb-de-la-agricultura …,2019-08-10 19:08:55+00:00,0,0,,Puyo
1160263160881930240,ferrenet,Los ejemplos son múltiples. Amazon Uber o Airbnb empezaron con tecnologías muy simples con modelos innovadores pero al crecer desarrollaron tecnologías muy potentes muy difíciles de replicar.,2019-08-10 18:54:28+00:00,0,0,,Puyo
1160262658723123201,jc_karnak23,UGT denuncia a la empresa dueña de AirBnb o Booking por las precarias condiciones laborales de sus trabajadores - Contrainformación https://contrainformacion.es/ugt-denuncia-a-la-empresa-duena-de-airbnb-o-booking-por-las-precarias-condiciones-laborales-de-sus-trabajadores/ … vía @_Contrainfo,2019-08-10 18:52:29+00:00,1,2,,Puyo
1160260957601521666,Superdescuento3,¡GRATIS 25 euros! Reserva en http://AIRBNB.COM con este enlace http://www.airbnb.es/c/rault65 Aprovecha ahora! #viajes #vacaciones #booking #airbnb #viajar #reservaspic.twitter.com/XV68l8vQ0B,2019-08-10 18:45:43+00:00,0,0,#viajes #vacaciones #booking #airbnb #viajar #reservaspic,Puyo
1160257652729024513,pabletxu3,En este viaje nos están cancelando TODO (2 blablacars y 1 airbnb),2019-08-10 18:32:35+00:00,1,0,,Puyo
1160257623830212608,myvistalegre,Ellos Ya Tomaron El Taller Presencial conmigo! Que Estas Esperando??? Airbnb una oportunidad de ganar dinero para Padre e Hijo! https://www.facebook.com/story.php?story_fbid=10156454845835963&id=504510962 …,2019-08-10 18:32:28+00:00,0,0,,Puyo
1160257008345505794,audreyhepburned,me acaban de enseñar un airbnb en Yauco tan bello.,2019-08-10 18:30:01+00:00,1,0,,Puyo
1160255296482103298,Besuwu,Si no tenéis cuenta en airbnb y os queréis registrar desde mi enlace me dais €€ podéis hacer lo mismo vosotros si os hacéis la cuenta. https://www.airbnb.es/c/vanesac3785?currency=EUR …,2019-08-10 18:23:13+00:00,0,0,,Puyo
1160253705087856641,merycurtis,Adivinad quien se ha hecho amiga del dependiente de la tienda de vinilos de al lado de mi Airbnb pic.twitter.com/PFtKF275q4,2019-08-10 18:16:54+00:00,1,0,,Puyo
1160253336890814466,sanluwal,#superoferta Reserva y recibe hasta 413 DOLARES gratis en alojamiento AirBnB en cualquier parte del mundo. clic en el siguiente enlace. https://ift.tt/2YBudc1 pic.twitter.com/5duPGpCkNN,2019-08-10 18:15:26+00:00,0,0,#superoferta,Puyo
1160219287623217152,Rincon_Deporte,Paso la época de encontrar gangas por Tokio. Incluso en Airbnb y similares es inaccesible x2.5 como mínimo respecto a Río teniendo en cuenta que en Río estabas en todo el meollo y en Tokio no se puede.,2019-08-10 16:00:08+00:00,1,0,,Arajuno
1138108635450683392,Wants_Revenge,Qué feos son los Airbnb en Guayaquil.,2019-06-10 15:40:18+00:00,0,0,,Arajuno
1131901313506336769,Aviajarcon,Murray Cox el activista que demuestra el daño que hace Airbnb en el mundo https://www.latimes.com/business/la-fi-airbnb-murray-cox-20190524-story.html …,2019-05-24 12:34:37+00:00,0,0,,Arajuno
1157255668233121792,ajgomezesteban,Airbnb se dirige a los viajeros tecnológicos pero no sólo a los millennials https://www.smarttravel.news/2019/07/29/airbnb-se-dirige-los-viajeros-tecnologicos-no-solo-los-millennials/ … Vía @SmartTravelNews,2019-08-02 11:43:46+00:00,0,0,,Zamora
